index,date12,residual_rms_rad,residual_frac_abs_gt_1rad
0,20211006_20211018,8.1191,0.999724
1,20211006_20211030,9.5713,0.999931
2,20211006_20211111,8.8537,0.999568
3,20211018_20211030,4.9401,0.997143
4,20211018_20211111,4.2325,0.988099
5,20211018_20211123,3.5296,0.961371
6,20211030_20211111,0.9655,0.154021
7,20211030_20211123,1.9775,0.926719
8,20211030_20211205,9.3662,0.999934
9,20211111_20211123,1.1222,0.513829
10,20211111_20211205,3.8092,0.988557
11,20211111_20211217,5.0622,0.992865
12,20211123_20211205,1.6835,0.969449
13,20211123_20211217,0.8851,0.135898
14,20211123_20211229,1.5029,0.465227
15,20211205_20211217,1.156,0.777065
16,20211205_20211229,2.5924,0.974805
17,20211205_20220110,3.3777,0.970477
18,20211217_20211229,1.4151,0.953649
19,20211217_20220110,2.1964,0.926129
20,20211217_20220122,1.16,0.227501
21,20211229_20220110,0.8759,0.127913
22,20211229_20220122,4.521,0.994717
23,20211229_20220203,3.9856,0.984891
24,20220110_20220122,3.9009,0.997154
25,20220110_20220203,4.5402,0.997795
26,20220110_20220215,3.752,0.98779
27,20220122_20220203,8.4404,0.999998
28,20220122_20220215,0.8462,0.138038
29,20220122_20220227,2.6428,0.941581
30,20220203_20220215,8.0072,0.999989
31,20220203_20220227,1.0102,0.186561
32,20220203_20220311,8.5825,0.999755
33,20220215_20220227,8.4565,0.999989
34,20220215_20220311,12.1453,1.0
35,20220215_20220323,5.357,0.9965
36,20220227_20220311,3.8089,0.997267
37,20220227_20220323,13.6625,0.999864
38,20220227_20220404,7.2265,0.998456
39,20220311_20220323,17.3514,0.999993
40,20220311_20220404,10.8859,0.999944
41,20220311_20220416,6.6301,0.999037
42,20220323_20220404,6.5364,0.999626
43,20220323_20220416,17.6526,0.999759
44,20220323_20220428,11.2181,0.999934
45,20220404_20220416,11.1163,0.999536
46,20220404_20220428,4.6842,0.998048
47,20220404_20220510,11.9323,0.999954
48,20220416_20220428,6.4537,0.999519
49,20220416_20220510,1.0514,0.226052
50,20220416_20220522,8.2309,0.999881
51,20220428_20220510,7.3242,0.999907
52,20220428_20220522,1.8384,0.941883
53,20220428_20220603,4.4472,0.98342
54,20220510_20220522,8.9707,0.999995
55,20220510_20220603,3.5369,0.974168
56,20220510_20220615,1.3676,0.256606
57,20220522_20220603,6.2059,0.997959
58,20220522_20220615,2.7572,0.937543
59,20220522_20220627,19.9789,1.0
60,20220603_20220615,3.588,0.987311
61,20220603_20220627,1.7236,0.858981
62,20220603_20220709,17.4845,0.999999
63,20220615_20220627,5.1605,0.992
64,20220615_20220709,15.5461,0.999998
65,20220615_20220721,44.6116,1.0
66,20220627_20220709,3.9434,0.957941
67,20220627_20220721,4.6952,0.945701
68,20220627_20220802,25.3293,1.0
69,20220709_20220721,7.0752,0.99533
70,20220709_20220802,16.4689,0.999994
71,20220709_20220814,9.8929,0.999779
72,20220721_20220802,23.119,1.0
73,20220721_20220814,10.1466,0.99938
74,20220721_20220826,21.2645,0.999998
75,20220802_20220814,7.1316,0.998445
76,20220802_20220826,4.1942,0.969417
77,20220802_20220907,1.7443,0.358962
78,20220814_20220826,4.6565,0.985894
79,20220814_20220907,19.0774,1.0
80,20220814_20220919,7.7756,0.996277
81,20220826_20220907,2.1423,0.917954
82,20220826_20220919,18.7023,0.999698
83,20220826_20221001,4.7756,0.980952
84,20220907_20220919,26.9468,0.999995
85,20220907_20221001,6.3077,0.996637
86,20220919_20221001,8.0775,0.999187
87,20220919_20221013,1.325,0.262268
88,20220919_20221025,15.0751,0.999813
89,20221001_20221013,8.4695,0.999963
90,20221001_20221025,7.063,0.998302
91,20221001_20221106,3.1106,0.937649
92,20221013_20221025,15.2767,0.999914
93,20221013_20221106,5.6317,0.996278
94,20221013_20221118,4.051,0.967291
95,20221025_20221106,9.8509,0.999954
96,20221025_20221118,5.277,0.996513
97,20221025_20221130,4.9396,0.989445
98,20221106_20221118,4.6536,0.998957
99,20221106_20221130,5.0844,0.995075
100,20221106_20221212,4.3971,0.983923
101,20221118_20221130,0.5586,0.036102
102,20221118_20221212,5.8111,0.999221
103,20221118_20221224,2.3957,0.938741
104,20221130_20221212,1.0019,0.273817
105,20221130_20221224,1.7654,0.937963
106,20221130_20230105,1.1803,0.245167
107,20221212_20221224,3.82,0.999625
108,20221212_20230105,1.6623,0.936224
109,20221212_20230117,2.0157,0.919341
110,20221224_20230105,1.0229,0.418827
111,20221224_20230117,1.9497,0.967838
112,20221224_20230129,9.1941,0.999908
113,20230105_20230117,2.828,0.997845
114,20230105_20230129,8.2569,0.999542
115,20230105_20230210,2.1242,0.938987
116,20230117_20230210,5.404,0.999404
117,20230117_20230222,6.3341,0.999319
118,20230129_20230210,10.0618,0.998681
119,20230129_20230222,17.2348,0.999995
120,20230129_20230306,22.152,1.0
121,20230210_20230222,1.0767,0.318883
122,20230210_20230306,5.786,0.99931
123,20230210_20230318,1.5686,0.43306
124,20230222_20230306,4.9388,0.998321
125,20230222_20230318,1.2593,0.261642
126,20230222_20230330,34.3575,1.0
127,20230306_20230318,4.9395,0.995113
128,20230306_20230330,18.4422,0.999995
129,20230306_20230411,6.448,0.985782
130,20230318_20230330,20.6508,0.999999
131,20230318_20230411,5.3009,0.976613
132,20230318_20230423,2.3319,0.752683
133,20230330_20230411,18.234,0.999992
134,20230330_20230423,23.0996,1.0
135,20230330_20230505,15.9675,0.995284
136,20230411_20230423,0.6779,0.093517
137,20230411_20230505,1.5157,0.784373
138,20230411_20230517,10.0129,0.999161
139,20230423_20230505,1.7818,0.919696
140,20230423_20230517,10.4322,0.999431
141,20230423_20230529,13.6341,0.999999
142,20230505_20230517,8.8085,0.999301
143,20230505_20230529,12.1032,0.999998
144,20230505_20230610,26.0051,1.0
145,20230517_20230529,3.7578,0.977618
146,20230517_20230610,11.2186,0.999772
147,20230517_20230622,6.4404,0.988528
148,20230529_20230610,8.0445,0.999192
149,20230529_20230622,14.5306,0.999998
150,20230529_20230704,17.8886,1.0
151,20230610_20230622,16.0614,0.999975
152,20230610_20230704,9.1828,0.997735
153,20230610_20230716,4.302,0.945771
154,20230622_20230704,7.4778,0.988265
155,20230622_20230716,6.5646,0.976338
156,20230622_20230728,6.3477,0.922853
157,20230704_20230716,5.1766,0.971268
158,20230704_20230728,18.1269,0.999945
159,20230704_20230809,10.7629,0.999704
160,20230716_20230728,7.9523,0.987137
161,20230716_20230821,3.4431,0.878308
162,20230728_20230821,3.4186,0.550628
163,20230728_20230902,49.8501,1.0
164,20230809_20230821,15.3809,1.0
165,20230809_20230902,34.243,1.0
166,20230809_20230914,22.5333,1.0
167,20230821_20230902,5.0392,0.983706
168,20230821_20230914,10.0233,0.996513
169,20230821_20230926,4.3857,0.94753
170,20230902_20230914,8.1935,0.999174
171,20230902_20230926,4.5589,0.969103
172,20230902_20231008,4.0277,0.971213
173,20230914_20230926,6.0056,0.99812
174,20230914_20231008,4.3478,0.982
175,20230914_20231020,6.3892,0.995628
176,20230926_20231008,2.0716,0.904868
177,20230926_20231020,6.5648,0.99783
178,20230926_20231101,2.9096,0.923345
179,20231008_20231020,8.2426,0.999987
180,20231008_20231101,1.2906,0.350135
181,20231008_20231113,14.497,1.0
182,20231020_20231101,2.91,0.990216
183,20231020_20231113,6.5077,0.999679
184,20231101_20231113,3.694,0.996779
185,20231101_20231125,0.8767,0.138576
186,20231101_20231207,4.8088,0.988919
187,20231113_20231125,3.254,0.996912
188,20231113_20231207,7.3896,0.99957
189,20231113_20231219,2.4945,0.941526
190,20231125_20231207,10.6558,0.999558
191,20231125_20231219,1.3075,0.705027
192,20231125_20231231,2.5958,0.945672
193,20231207_20231219,9.4611,0.999863
194,20231207_20231231,8.1371,0.999672
195,20231207_20240112,5.1866,0.998244
196,20231219_20231231,1.4435,0.973092
197,20231219_20240112,4.4483,0.999386
198,20231219_20240124,5.0901,0.997001
199,20231231_20240112,3.1794,0.99881
200,20231231_20240124,3.7625,0.995376
201,20231231_20240205,1.4299,0.732132
202,20240112_20240124,0.7316,0.033629
203,20240112_20240205,1.9867,0.96292
204,20240112_20240217,4.9106,0.998426
205,20240124_20240205,2.5911,0.991913
206,20240124_20240217,5.5189,0.998443
207,20240124_20240229,6.0486,0.997518
208,20240205_20240217,2.9716,0.992815
209,20240205_20240229,3.5153,0.98913
210,20240205_20240312,4.6338,0.995592
211,20240217_20240229,0.6951,0.076052
212,20240217_20240312,4.7773,0.998073
213,20240217_20240324,3.3527,0.975599
214,20240229_20240312,5.2138,0.999556
215,20240229_20240324,2.8687,0.971905
216,20240229_20240405,4.7215,0.994701
217,20240312_20240324,1.7148,0.945116
218,20240312_20240405,0.9973,0.178259
219,20240312_20240417,7.0865,0.999379
220,20240324_20240405,1.2332,0.659875
221,20240324_20240417,5.4465,0.998276
222,20240324_20240429,0.932,0.14931
223,20240405_20240417,6.4837,0.99968
224,20240405_20240429,1.367,0.765111
225,20240405_20240511,2.8728,0.966492
226,20240417_20240429,5.3246,0.999281
227,20240417_20240511,2.9648,0.988466
228,20240417_20240523,8.0459,0.999919
229,20240429_20240511,2.4379,0.991051
230,20240429_20240523,13.2943,1.0
231,20240429_20240604,9.8446,0.999985
232,20240511_20240523,10.8794,1.0
233,20240511_20240604,7.4389,0.999576
234,20240511_20240616,15.8434,0.999328
235,20240523_20240604,3.5731,0.998202
236,20240523_20240616,5.0371,0.999176
237,20240604_20240616,8.364,0.999299
238,20240604_20240710,19.468,0.999292
239,20240616_20240710,28.0438,0.999475
240,20240616_20240722,2.6482,0.862304
241,20240710_20240722,6.694,0.995807
242,20240710_20240803,12.9991,0.99948
243,20240710_20240815,3.7282,0.94393
244,20240722_20240803,6.3313,0.997271
245,20240722_20240815,21.5134,0.999988
246,20240803_20240815,4.121,0.981439
247,20240803_20240827,5.4778,0.986552
248,20240803_20240908,9.1976,0.999154
249,20240815_20240827,3.1135,0.934004
250,20240815_20240908,6.9269,0.991637
251,20240815_20240920,2.8068,0.889944
252,20240827_20240908,3.813,0.955641
253,20240827_20240920,5.9941,0.990263
254,20240827_20241002,19.7087,0.999992
255,20240908_20240920,10.7406,0.999971
256,20240908_20241002,15.6123,0.999984
257,20240908_20241014,3.3225,0.933431
258,20240920_20241002,13.1933,0.999748
259,20240920_20241014,2.0622,0.822093
260,20240920_20241026,6.8227,0.995156
261,20241002_20241014,11.837,0.999968
262,20241002_20241026,19.3323,0.999957
263,20241002_20241107,17.8371,0.999883
264,20241014_20241026,7.5891,0.99908
265,20241014_20241107,12.3612,0.999983
266,20241014_20241119,8.5015,0.999124
267,20241026_20241107,4.8743,0.999354
268,20241026_20241119,1.2927,0.465394
269,20241107_20241119,2.4978,0.988702
270,20241107_20241213,7.429,0.99967
271,20241119_20241213,9.7252,0.999998
272,20241119_20241225,7.001,0.999552
273,20241213_20241225,2.917,0.99675
274,20241213_20250106,10.9067,1.0
275,20241213_20250118,7.7376,0.999643
276,20241225_20250106,8.1258,0.999998
277,20241225_20250118,10.4476,0.999989
278,20241225_20250130,5.2583,0.998231
279,20250106_20250118,12.155,0.999906
280,20250106_20250130,13.1461,1.0
281,20250106_20250211,13.8817,1.0
282,20250118_20250130,1.0049,0.277752
283,20250118_20250211,4.7151,0.998463
284,20250118_20250223,9.2701,0.999849
285,20250130_20250211,0.7679,0.081958
286,20250130_20250223,4.0104,0.996127
287,20250130_20250307,4.6155,0.993431
288,20250211_20250223,4.6561,0.999448
289,20250211_20250307,1.372,0.659922
290,20250211_20250319,1.105,0.202556
291,20250223_20250307,5.6819,0.998787
292,20250223_20250319,4.2521,0.993408
293,20250223_20250331,10.4947,0.999981
294,20250307_20250319,1.6348,0.925475
295,20250307_20250331,4.8159,0.99688
296,20250307_20250412,2.5493,0.93348
297,20250319_20250331,6.3023,0.999837
298,20250319_20250412,3.9311,0.988413
299,20250319_20250424,3.2173,0.974397
300,20250331_20250412,2.6009,0.974129
301,20250331_20250424,3.2882,0.984883
302,20250331_20250506,8.3586,0.999656
303,20250412_20250424,5.5213,0.998638
304,20250412_20250506,0.9034,0.150346
305,20250424_20250506,5.1252,0.998449
306,20250424_20250530,3.4374,0.958391
307,20250506_20250530,2.2276,0.901801
308,20250506_20250611,14.181,0.999991
309,20250530_20250611,3.6326,0.988776
310,20250530_20250623,1.7581,0.282667
311,20250530_20250705,1.7425,0.457564
312,20250611_20250623,9.2007,0.990804
313,20250611_20250705,10.7864,0.999961
314,20250611_20250717,10.2151,0.999688
315,20250623_20250705,5.2455,0.976949
316,20250623_20250717,2.5562,0.357358
317,20250623_20250729,4.1041,0.929353
318,20250705_20250717,1.73,0.587677
319,20250705_20250729,3.4487,0.935144
320,20250705_20250810,10.2498,0.999445
321,20250717_20250729,9.1333,0.999636
322,20250717_20250810,3.2374,0.937594
323,20250717_20250822,5.206,0.976235
324,20250729_20250810,1.3719,0.260009
325,20250729_20250822,4.1356,0.961029
326,20250729_20250903,15.1596,0.999985
327,20250810_20250822,2.6278,0.91708
328,20250810_20250903,3.0034,0.911906
329,20250810_20250915,2.3368,0.815759
330,20250822_20250903,11.2143,0.999716
331,20250822_20250915,4.1187,0.965675
332,20250822_20250927,2.0441,0.650794
333,20250903_20250915,1.9496,0.680502
334,20250903_20250927,3.9978,0.961696
335,20250915_20250927,2.9614,0.955427
