index,date12,reference_date,secondary_date,perpendicular_baseline_m,residual_px,residual_rms_rad,residual_median_rad,residual_frac_abs_gt_1rad
0,20211006_20211018,20211006,20211018,56.3,1203788,7.7326,7.6475,0.999634
1,20211006_20211030,20211006,20211030,100.4,1203680,7.3017,-7.2012,0.999416
2,20211006_20211111,20211006,20211111,105.3,1203768,8.2142,-8.0561,0.999218
3,20211018_20211030,20211018,20211030,44.1,1203705,2.317,-2.2224,0.963309
4,20211018_20211111,20211018,20211111,48.9,1203798,3.2344,-3.0916,0.969721
5,20211018_20211123,20211018,20211123,40.2,1203801,2.9626,-2.5632,0.938766
6,20211030_20211111,20211030,20211111,4.9,1203775,0.9773,-0.8497,0.177444
7,20211030_20211123,20211030,20211123,-3.9,1203775,0.9057,-0.3124,0.142845
8,20211030_20211205,20211030,20211205,-55.3,1203728,10.3838,-10.2585,0.999986
9,20211111_20211123,20211111,20211123,-8.7,1203796,0.7713,0.5759,0.083973
10,20211111_20211205,20211111,20211205,-60.1,1203742,3.2097,-3.0956,0.979279
11,20211111_20211217,20211111,20211217,-82.3,1203783,3.4289,-3.1654,0.972663
12,20211123_20211205,20211123,20211205,-51.4,1203742,2.6873,2.6276,0.993624
13,20211123_20211217,20211123,20211217,-73.5,1203781,2.6765,2.5774,0.974352
14,20211123_20211229,20211123,20211229,-115.8,1203810,1.2267,0.6404,0.24869
15,20211205_20211217,20211205,20211217,-22.1,1203739,0.3803,-0.0233,0.02929
16,20211205_20211229,20211205,20211229,-64.4,1203775,2.0518,-1.9497,0.951863
17,20211205_20220110,20211205,20220110,50.9,1203880,4.48,-4.287,0.989619
18,20211217_20211229,20211217,20211229,-42.3,1203759,1.9203,-1.888,0.985221
19,20211217_20220110,20211217,20220110,73.1,1203946,4.3167,-4.2255,0.991924
20,20211217_20220122,20211217,20220122,7.4,1203764,1.1888,0.473,0.237593
21,20211229_20220110,20211229,20220110,115.4,1203844,2.3519,-2.278,0.9652
22,20211229_20220122,20211229,20220122,49.7,1203797,3.9296,-3.8555,0.989675
23,20211229_20220203,20211229,20220203,-17.6,1203776,4.5935,4.512,0.9921
24,20220110_20220122,20220110,20220122,-65.7,1203866,1.6122,-1.5682,0.957989
25,20220110_20220203,20220110,20220203,-133.0,1203880,6.864,6.8433,0.999937
26,20220110_20220215,20220110,20220215,-52.4,1203866,3.0651,-2.849,0.973865
27,20220122_20220203,20220122,20220203,-67.3,1203793,8.4633,8.4333,0.999998
28,20220122_20220215,20220122,20220215,13.3,1203742,1.4759,-1.2718,0.808071
29,20220122_20220227,20220122,20220227,30.8,1203662,1.0731,0.4037,0.207824
30,20220203_20220215,20220203,20220215,80.6,1203837,9.6349,-9.6406,0.999995
31,20220203_20220227,20220203,20220227,98.1,1203720,1.9286,-1.6927,0.896844
32,20220203_20220311,20220203,20220311,123.5,1203830,9.3896,-9.2805,0.999868
33,20220215_20220227,20220215,20220227,17.5,1203708,7.9982,7.9689,0.999986
34,20220215_20220311,20220215,20220311,42.9,1203829,12.9598,12.95,1.0
35,20220215_20220323,20220215,20220323,120.5,1203694,2.3759,-2.0999,0.925453
36,20220227_20220311,20220227,20220311,25.4,1203745,5.0661,4.9929,0.999398
37,20220227_20220323,20220227,20220323,103.0,1203795,10.0914,-10.0665,0.999859
38,20220227_20220404,20220227,20220404,45.4,1203789,3.8605,-3.6876,0.983198
39,20220311_20220323,20220311,20220323,77.6,1203905,15.052,-15.0622,0.999993
40,20220311_20220404,20220311,20220404,19.9,1203917,8.7371,-8.6758,0.999909
41,20220311_20220416,20220311,20220416,-4.5,1203921,8.3756,8.3217,0.999664
42,20220323_20220404,20220323,20220404,-57.7,1203850,6.3925,6.3553,0.999607
43,20220323_20220416,20220323,20220416,-82.1,1203816,17.1124,17.0849,0.999759
44,20220323_20220428,20220323,20220428,-32.3,1203838,9.5742,9.525,0.999909
45,20220404_20220416,20220404,20220416,-24.4,1203764,10.7204,10.7211,0.999535
46,20220404_20220428,20220404,20220428,25.3,1203853,3.195,3.1373,0.990324
47,20220404_20220510,20220404,20220510,-31.7,1203820,9.3233,9.2996,0.999897
48,20220416_20220428,20220416,20220428,49.8,1203792,7.5625,-7.5637,0.999524
49,20220416_20220510,20220416,20220510,-7.3,1203958,1.5411,-1.407,0.904266
50,20220416_20220522,20220416,20220522,-26.8,1203772,10.4788,-10.4342,0.999916
51,20220428_20220510,20220428,20220510,-57.1,1203951,6.2173,6.1936,0.999881
52,20220428_20220522,20220428,20220522,-76.6,1203781,2.9269,-2.8353,0.984899
53,20220428_20220603,20220428,20220603,29.2,1203944,2.0325,-1.5702,0.870104
54,20220510_20220522,20220510,20220522,-19.5,1203925,9.0085,-9.0121,0.999995
55,20220510_20220603,20220510,20220603,86.3,1203803,1.8075,-1.4266,0.838916
56,20220510_20220615,20220510,20220615,-92.6,1203793,1.4078,-0.5125,0.277514
57,20220522_20220603,20220522,20220603,105.8,1203918,1.7559,1.3194,0.823937
58,20220522_20220615,20220522,20220615,-73.1,1203884,2.6383,2.2449,0.931648
59,20220522_20220627,20220522,20220627,42.9,1203698,13.5177,13.5642,1.0
60,20220603_20220615,20220603,20220615,-178.9,1203816,1.3446,0.9942,0.496832
61,20220603_20220627,20220603,20220627,-63.0,1203947,1.0769,-0.2726,0.175877
62,20220603_20220709,20220603,20220709,-15.2,1203929,20.3054,20.7616,1.0
63,20220615_20220627,20220615,20220627,116.0,1203895,1.7036,-1.1485,0.764806
64,20220615_20220709,20220615,20220709,163.8,1203888,13.7885,13.6752,0.999993
65,20220615_20220721,20220615,20220721,153.1,1203782,42.335,39.5985,1.0
66,20220627_20220709,20220627,20220709,47.8,1203666,8.3851,8.5399,0.997705
67,20220627_20220721,20220627,20220721,37.2,1203814,8.4692,8.8897,0.987084
68,20220627_20220802,20220627,20220802,25.5,1203859,17.101,-16.6559,1.0
69,20220709_20220721,20220709,20220721,-10.7,1203706,6.5893,6.7279,0.992886
70,20220709_20220802,20220709,20220802,-22.3,1203717,12.8087,-12.5808,0.999992
71,20220709_20220814,20220709,20220814,-71.5,1203753,9.088,-8.5777,0.999607
72,20220721_20220802,20220721,20220802,-11.6,1203709,18.9447,-19.2428,1.0
73,20220721_20220814,20220721,20220814,-60.8,1203792,8.8462,-8.9373,0.998311
74,20220721_20220826,20220721,20220826,-105.5,1203732,11.2851,-11.0978,0.999817
75,20220802_20220814,20220802,20220814,-49.2,1203747,4.3558,4.0843,0.980606
76,20220802_20220826,20220802,20220826,-93.9,1203814,2.4773,1.9285,0.88021
77,20220802_20220907,20220802,20220907,110.5,1203737,5.7307,-5.5156,0.987128
78,20220814_20220826,20220814,20220826,-44.7,1203720,4.432,4.167,0.98837
79,20220814_20220907,20220814,20220907,159.7,1203807,22.191,-22.1616,1.0
80,20220814_20220919,20220814,20220919,-88.1,1203673,6.8339,6.8037,0.992599
81,20220826_20220907,20220826,20220907,204.4,1203661,13.7586,-13.7736,0.999827
82,20220826_20220919,20220826,20220919,-43.4,1203660,9.0494,8.9829,0.999628
83,20220826_20221001,20220826,20221001,137.5,1203930,5.0662,-4.8987,0.977116
84,20220907_20220919,20220907,20220919,-247.8,1203706,29.1024,29.0422,0.999995
85,20220907_20221001,20220907,20221001,-66.9,1203803,8.8542,8.8073,0.99959
86,20220919_20221001,20220919,20221001,180.9,1203791,7.6493,-7.5649,0.998947
87,20220919_20221013,20220919,20221013,-4.8,1203820,1.6894,1.132,0.707182
88,20220919_20221025,20220919,20221025,51.4,1203811,9.7841,-9.6663,0.99969
89,20221001_20221013,20221001,20221013,-185.7,1203865,8.8386,8.7456,0.999974
90,20221001_20221025,20221001,20221025,-129.5,1203781,2.3708,-2.0809,0.913279
91,20221001_20221106,20221001,20221106,-192.3,1203827,4.5926,4.4581,0.980717
92,20221013_20221025,20221013,20221025,56.2,1203876,10.7622,-10.7494,0.999913
93,20221013_20221106,20221013,20221106,-6.6,1203784,4.4311,-4.2309,0.98928
94,20221013_20221118,20221013,20221118,111.7,1203869,3.5333,-3.2529,0.956305
95,20221025_20221106,20221025,20221106,-62.8,1203924,6.5695,6.5107,0.999897
96,20221025_20221118,20221025,20221118,55.5,1203768,1.5273,1.2426,0.801279
97,20221025_20221130,20221025,20221130,35.5,1203785,2.863,2.6177,0.9441
98,20221106_20221118,20221106,20221118,118.3,1203896,5.3169,-5.283,0.999628
99,20221106_20221130,20221106,20221130,98.3,1203803,4.0214,-3.9201,0.986455
100,20221106_20221212,20221106,20221212,125.2,1203792,4.153,-3.8817,0.980439
101,20221118_20221130,20221118,20221130,-20.0,1203768,1.4771,1.3873,0.962258
102,20221118_20221212,20221118,20221212,6.9,1203762,4.8964,-4.8063,0.997886
103,20221118_20221224,20221118,20221224,-75.4,1203893,1.7035,-1.1529,0.75911
104,20221130_20221212,20221130,20221212,26.9,1203766,0.3459,0.087,0.022131
105,20221130_20221224,20221130,20221224,-55.4,1203786,2.642,-2.5206,0.982868
106,20221130_20230105,20221130,20230105,-112.8,1203818,1.8067,-1.4517,0.893059
107,20221212_20221224,20221212,20221224,-82.3,1203770,3.733,3.6981,0.999628
108,20221212_20230105,20221212,20230105,-139.8,1203834,1.6425,-1.5072,0.933797
109,20221212_20230117,20221212,20230117,-232.4,1203710,3.5835,3.5644,0.98449
110,20221224_20230105,20221224,20230105,-57.5,1203873,1.1302,1.0855,0.839489
111,20221224_20230117,20221224,20230117,-150.1,1203670,0.537,-0.1174,0.058844
112,20221224_20230129,20221224,20230129,108.7,1203846,7.43,7.4044,0.999838
113,20230105_20230117,20230105,20230117,-92.6,1203675,1.2231,-1.1842,0.895749
114,20230105_20230129,20230105,20230129,166.2,1203885,6.3816,6.3196,0.999456
115,20230105_20230210,20230105,20230210,61.4,1203686,0.9344,0.5057,0.169712
116,20230117_20230210,20230117,20230210,154.1,1203751,4.6145,-4.5823,0.998329
117,20230117_20230222,20230117,20230222,37.7,1203723,6.5243,-6.497,0.999389
118,20230129_20230210,20230129,20230210,-104.8,1203694,5.7717,-5.7377,0.998307
119,20230129_20230222,20230129,20230222,-221.1,1203846,13.9204,-13.942,0.999995
120,20230129_20230306,20230129,20230306,-64.3,1203844,17.2481,-17.1069,1.0
121,20230210_20230222,20230210,20230222,-116.3,1203761,1.9463,-1.8966,0.935058
122,20230210_20230306,20230210,20230306,40.5,1203730,5.1907,-5.0441,0.998427
123,20230210_20230318,20230210,20230318,-35.1,1203739,2.4657,-1.9802,0.910944
124,20230222_20230306,20230222,20230306,156.8,1203839,3.3968,-3.1281,0.987678
125,20230222_20230318,20230222,20230318,81.2,1203842,1.2762,-0.0424,0.263017
126,20230222_20230330,20230222,20230330,117.6,1203864,34.9715,33.4335,1.0
127,20230306_20230318,20230306,20230318,-75.6,1203911,3.2376,3.1098,0.963379
128,20230306_20230330,20230306,20230330,-39.2,1203886,17.4911,17.3188,0.999992
129,20230306_20230411,20230306,20230411,79.3,1203839,5.1926,5.2753,0.969267
130,20230318_20230330,20230318,20230330,36.4,1203863,21.4537,20.5947,0.999999
131,20230318_20230411,20230318,20230411,154.9,1203915,4.9179,-4.1246,0.965977
132,20230318_20230423,20230318,20230423,73.9,1203926,3.3649,3.0535,0.890768
133,20230330_20230411,20230330,20230411,118.5,1203697,18.6066,-18.2983,0.999992
134,20230330_20230423,20230330,20230423,37.5,1203719,22.315,-22.496,1.0
135,20230330_20230505,20230330,20230505,85.9,1203698,15.3516,-15.7095,0.994826
136,20230411_20230423,20230411,20230423,-81.0,1203769,0.9887,0.9043,0.29384
137,20230411_20230505,20230411,20230505,-32.6,1203915,2.3954,2.3504,0.935718
138,20230411_20230517,20230411,20230517,-8.3,1203855,1.7697,-0.9944,0.537814
139,20230423_20230505,20230423,20230505,48.4,1203743,1.6312,1.5072,0.888128
140,20230423_20230517,20230423,20230517,72.8,1203769,2.1225,-1.7826,0.906001
141,20230423_20230529,20230423,20230529,87.7,1203699,12.7793,12.7221,0.999998
142,20230505_20230517,20230505,20230517,24.3,1203893,3.3774,-3.3205,0.982269
143,20230505_20230529,20230505,20230529,39.3,1203651,11.4168,11.2382,0.999998
144,20230505_20230610,20230505,20230610,-69.9,1203801,20.1945,20.1859,1.0
145,20230517_20230529,20230517,20230529,14.9,1203739,14.8455,14.6036,0.999953
146,20230517_20230610,20230517,20230610,-94.2,1203793,17.3568,17.2644,0.999933
147,20230517_20230622,20230517,20230622,-172.3,1203676,2.3811,0.5239,0.462259
148,20230529_20230610,20230529,20230610,-109.1,1203675,3.0033,2.7367,0.976066
149,20230529_20230622,20230529,20230622,-187.3,1203679,19.9084,-20.0966,1.0
150,20230529_20230704,20230529,20230704,-101.4,1203693,21.3807,21.4392,1.0
151,20230610_20230622,20230610,20230622,-78.1,1203656,16.3282,-16.5047,0.999975
152,20230610_20230704,20230610,20230704,7.7,1203838,2.0545,-0.0683,0.349098
153,20230610_20230716,20230610,20230716,102.3,1203830,10.1928,10.1377,0.998358
154,20230622_20230704,20230622,20230704,85.8,1203813,16.2359,16.5329,0.999954
155,20230622_20230716,20230622,20230716,180.4,1203831,20.1895,20.4419,0.99987
156,20230622_20230728,20230622,20230728,193.7,1203818,16.6211,14.5503,0.999596
157,20230704_20230716,20230704,20230716,94.6,1203873,10.0462,10.2191,0.999407
158,20230704_20230728,20230704,20230728,107.9,1203888,15.0817,-14.8581,0.999931
159,20230704_20230809,20230704,20230809,-178.0,1203820,16.7168,-16.1308,0.999999
160,20230716_20230728,20230716,20230728,13.3,1203880,6.1247,6.1526,0.958425
161,20230716_20230821,20230716,20230821,-139.6,1203821,13.2324,-12.6679,0.999613
162,20230728_20230821,20230728,20230821,-152.9,1203797,14.3944,-13.1144,0.999723
163,20230728_20230902,20230728,20230902,-50.6,1203783,43.9575,41.7573,1.0
164,20230809_20230821,20230809,20230821,133.0,1203799,19.2274,-17.7167,1.0
165,20230809_20230902,20230809,20230902,235.3,1203852,37.4955,36.5189,1.0
166,20230809_20230914,20230809,20230914,142.0,1203777,23.3572,22.8465,1.0
167,20230821_20230902,20230821,20230902,102.3,1203793,3.7487,3.6486,0.927841
168,20230821_20230914,20230821,20230914,9.1,1203777,14.7203,15.2032,0.999771
169,20230821_20230926,20230821,20230926,154.6,1203821,9.1183,9.4038,0.996081
170,20230902_20230914,20230902,20230914,-93.3,1203736,5.8042,5.3072,0.996941
171,20230902_20230926,20230902,20230926,52.3,1203774,6.6534,-6.7036,0.993951
172,20230902_20231008,20230902,20231008,12.4,1203722,4.8584,4.4489,0.985224
173,20230914_20230926,20230914,20230926,145.5,1203867,5.76,-5.7372,0.997932
174,20230914_20231008,20230914,20231008,105.7,1203673,1.521,-0.8134,0.397709
175,20230914_20231020,20230914,20231020,169.9,1203704,5.4575,-5.2385,0.991215
176,20230926_20231008,20230926,20231008,-39.9,1203873,5.0056,4.9233,0.997236
177,20230926_20231020,20230926,20231020,24.3,1203905,5.8611,-5.7479,0.996258
178,20230926_20231101,20230926,20231101,-206.7,1203774,4.9116,4.8083,0.982661
179,20231008_20231020,20231008,20231020,64.2,1203669,10.6065,-10.6236,0.999998
180,20231008_20231101,20231008,20231101,-166.9,1203722,0.9753,-0.092,0.175884
181,20231008_20231113,20231008,20231113,-67.9,1203779,17.1734,-17.0742,1.0
182,20231020_20231101,20231020,20231101,-231.1,1203852,4.356,4.2793,0.998647
183,20231020_20231113,20231020,20231113,-132.1,1203976,6.1958,6.1384,0.999542
184,20231101_20231113,20231101,20231113,99.0,1203803,1.9296,1.8713,0.979985
185,20231101_20231125,20231101,20231125,-46.1,1203735,1.0775,-0.7433,0.219641
186,20231101_20231207,20231101,20231207,104.2,1203772,1.3703,-0.5817,0.266771
187,20231113_20231125,20231113,20231125,-145.1,1203814,2.6112,-2.5941,0.993591
188,20231113_20231207,20231113,20231207,5.2,1203743,3.9283,3.8551,0.993102
189,20231113_20231219,20231113,20231219,-22.2,1203752,2.8713,-2.5781,0.959149
190,20231125_20231207,20231125,20231207,150.3,1203746,6.5163,6.4972,0.999548
191,20231125_20231219,20231125,20231219,122.9,1203742,0.6896,0.0294,0.094978
192,20231125_20231231,20231125,20231231,205.4,1203797,1.4174,1.0464,0.601846
193,20231207_20231219,20231207,20231219,-27.4,1203757,6.3837,-6.3921,0.999851
194,20231207_20231231,20231207,20231231,55.1,1203700,5.4054,-5.3632,0.999458
195,20231207_20240112,20231207,20240112,-43.3,1203749,2.6298,-2.4354,0.9752
196,20231219_20231231,20231219,20231231,82.5,1203773,1.1145,1.0714,0.745862
197,20231219_20240112,20231219,20240112,-15.9,1203771,3.9853,3.9828,0.998588
198,20231219_20240124,20231219,20240124,-0.9,1203751,1.1892,1.0414,0.61418
199,20231231_20240112,20231231,20240112,-98.4,1203799,3.307,-3.3014,0.999009
200,20231231_20240124,20231231,20240124,-83.4,1203847,0.4379,0.0241,0.039557
201,20231231_20240205,20231231,20240205,-80.5,1203776,3.4208,3.3549,0.985638
202,20240112_20240124,20240112,20240124,15.0,1203676,2.9206,-2.9174,0.99796
203,20240112_20240205,20240112,20240205,17.9,1203733,0.7581,0.415,0.091401
204,20240112_20240217,20240112,20240217,86.7,1203795,4.9779,-4.8851,0.998509
205,20240124_20240205,20240124,20240205,2.9,1203719,3.4064,3.3621,0.997462
206,20240124_20240217,20240124,20240217,71.7,1203697,2.0678,-1.9481,0.95558
207,20240124_20240229,20240124,20240229,129.8,1203858,2.3241,-2.1033,0.945081
208,20240205_20240217,20240205,20240217,68.8,1203706,5.312,-5.2994,0.999855
209,20240205_20240229,20240205,20240229,126.9,1203724,5.5348,-5.4842,0.999374
210,20240205_20240312,20240205,20240312,76.2,1203702,7.5913,-7.5151,0.999924
211,20240217_20240229,20240217,20240229,58.1,1203744,0.5408,-0.1641,0.059022
212,20240217_20240312,20240217,20240312,7.4,1203699,4.1511,4.0818,0.995122
213,20240217_20240324,20240217,20240324,-39.4,1203656,1.0024,0.0062,0.178172
214,20240229_20240312,20240229,20240312,-50.6,1203857,4.2698,4.2092,0.998641
215,20240229_20240324,20240229,20240324,-97.4,1203824,0.9097,0.1593,0.142845
216,20240229_20240405,20240229,20240405,-39.9,1203844,3.1926,3.0598,0.970833
217,20240312_20240324,20240312,20240324,-46.8,1203798,2.278,2.1865,0.978555
218,20240312_20240405,20240312,20240405,10.8,1203835,1.4561,-1.1807,0.769129
219,20240312_20240417,20240312,20240417,-46.7,1203731,3.82,-3.7222,0.987234
220,20240324_20240405,20240324,20240405,57.6,1203901,3.4599,-3.4016,0.992731
221,20240324_20240417,20240324,20240417,0.1,1203822,5.9377,-5.9199,0.99881
222,20240324_20240429,20240324,20240429,29.5,1203825,2.1998,-2.0133,0.935125
223,20240405_20240417,20240405,20240417,-57.5,1203854,2.575,-2.4848,0.987295
224,20240405_20240429,20240405,20240429,-28.1,1203854,1.5618,1.4095,0.884387
225,20240405_20240511,20240405,20240511,-84.8,1203869,2.0101,1.7813,0.914419
226,20240417_20240429,20240417,20240429,29.4,1203761,3.9213,3.8945,0.998595
227,20240417_20240511,20240417,20240511,-27.3,1203802,2.0866,-2.003,0.968721
228,20240417_20240523,20240417,20240523,-155.6,1203887,18.7011,-18.6816,0.999998
229,20240429_20240511,20240429,20240511,-56.7,1203842,5.8962,-5.8942,0.999684
230,20240429_20240523,20240429,20240523,-185.0,1203861,22.58,-22.5863,1.0
231,20240429_20240604,20240429,20240604,-179.8,1203836,7.9035,-7.8697,0.999929
232,20240511_20240523,20240511,20240523,-128.3,1203870,16.694,-16.7185,1.0
233,20240511_20240604,20240511,20240604,-123.1,1203836,2.0708,-1.9836,0.968265
234,20240511_20240616,20240511,20240616,-49.5,1203715,4.1659,-4.0549,0.995737
235,20240523_20240604,20240523,20240604,5.1,1203880,14.7606,14.755,0.999953
236,20240523_20240616,20240523,20240616,78.8,1203911,12.654,12.6562,0.999867
237,20240604_20240616,20240604,20240616,73.6,1203959,2.1096,-2.0827,0.983128
238,20240604_20240710,20240604,20240710,-29.5,1203785,4.6597,4.2634,0.976501
239,20240616_20240710,20240616,20240710,-103.2,1203703,6.8952,6.372,0.99591
240,20240616_20240722,20240616,20240722,-105.6,1203947,12.3742,-11.8551,0.999987
241,20240710_20240722,20240710,20240722,-2.4,1203760,1.587,0.7856,0.338327
242,20240710_20240803,20240710,20240803,126.7,1203794,1.6243,0.291,0.311096
243,20240710_20240815,20240710,20240815,108.1,1203863,9.9258,9.8701,0.999309
244,20240722_20240803,20240722,20240803,129.1,1203840,1.3238,-0.4702,0.277948
245,20240722_20240815,20240722,20240815,110.5,1203863,16.1469,-15.9673,0.999988
246,20240803_20240815,20240803,20240815,-18.6,1203785,3.7528,3.3887,0.972985
247,20240803_20240827,20240803,20240827,126.8,1203790,7.0432,-6.8967,0.995914
248,20240803_20240908,20240803,20240908,106.7,1203950,5.199,-4.967,0.982502
249,20240815_20240827,20240815,20240827,145.4,1203868,4.2376,-3.9714,0.972851
250,20240815_20240908,20240815,20240908,125.3,1203821,2.8993,-2.0418,0.89097
251,20240815_20240920,20240815,20240920,68.4,1203879,2.4801,-1.8214,0.860188
252,20240827_20240908,20240827,20240908,-20.1,1203830,2.6117,1.9802,0.919272
253,20240827_20240920,20240827,20240920,-77.0,1203867,4.4158,-4.1483,0.96896
254,20240827_20241002,20240827,20241002,-145.4,1203787,12.6898,-12.1683,0.999989
255,20240908_20240920,20240908,20240920,-56.9,1203812,6.7093,6.4904,0.998963
256,20240908_20241002,20240908,20241002,-125.3,1203750,14.2775,-14.0413,0.999984
257,20240908_20241014,20240908,20241014,-4.7,1203807,1.7174,0.1678,0.334963
258,20240920_20241002,20240920,20241002,-68.4,1203834,7.819,-7.9052,0.998589
259,20240920_20241014,20240920,20241014,52.3,1203816,1.4818,0.0238,0.287589
260,20240920_20241026,20240920,20241026,-49.5,1203723,9.1544,-8.9713,0.999422
261,20241002_20241014,20241002,20241014,120.7,1203884,7.9592,7.893,0.999907
262,20241002_20241026,20241002,20241026,18.9,1203696,11.5546,11.526,0.999951
263,20241002_20241107,20241002,20241107,87.3,1203892,9.8911,9.8467,0.999664
264,20241014_20241026,20241014,20241026,-101.8,1203723,3.7222,3.5895,0.993655
265,20241014_20241107,20241014,20241107,-33.4,1203866,8.2891,8.2197,0.999848
266,20241014_20241119,20241014,20241119,-39.5,1203894,3.7724,3.6043,0.974364
267,20241026_20241107,20241026,20241107,68.4,1203689,4.6852,4.6264,0.999183
268,20241026_20241119,20241026,20241119,62.3,1203689,0.8794,0.0189,0.143575
269,20241107_20241119,20241107,20241119,-6.1,1203947,1.7727,1.7158,0.970505
270,20241107_20241213,20241107,20241213,-33.0,1203730,7.6603,-7.5628,0.999726
271,20241119_20241213,20241119,20241213,-26.9,1203703,9.221,-9.25,0.999996
272,20241119_20241225,20241119,20241225,-141.2,1203787,7.9779,-7.855,0.999819
273,20241213_20241225,20241213,20241225,-114.3,1203667,1.4437,1.3874,0.964121
274,20241213_20250106,20241213,20250106,-17.8,1203756,8.7467,8.7277,0.999986
275,20241213_20250118,20241213,20250118,-76.9,1203704,4.8313,-4.6272,0.996375
276,20241225_20250106,20241225,20250106,96.5,1203686,7.4512,7.3948,0.999996
277,20241225_20250118,20241225,20250118,37.4,1203684,6.0243,-5.9784,0.99981
278,20241225_20250130,20241225,20250130,63.9,1203840,5.0237,-4.844,0.997788
279,20250106_20250118,20250106,20250118,-59.1,1203677,7.0447,-7.0176,0.999904
280,20250106_20250130,20250106,20250130,-32.6,1203688,12.2313,-12.2044,1.0
281,20250106_20250211,20250106,20250211,17.5,1203794,11.5358,-11.4432,1.0
282,20250118_20250130,20250118,20250130,26.5,1203682,5.137,-5.152,0.999104
283,20250118_20250211,20250118,20250211,76.5,1203777,2.0301,1.9091,0.945419
284,20250118_20250223,20250118,20250223,78.7,1203673,6.3368,6.308,0.999457
285,20250130_20250211,20250130,20250211,50.1,1203757,0.9436,0.7894,0.170018
286,20250130_20250223,20250130,20250223,52.2,1203851,5.2353,5.1674,0.999461
287,20250130_20250307,20250130,20250307,120.7,1203728,8.208,8.1901,0.999901
288,20250211_20250223,20250211,20250223,2.1,1203802,4.463,4.4052,0.999276
289,20250211_20250307,20250211,20250307,70.7,1203796,1.4272,1.164,0.730343
290,20250211_20250319,20250211,20250319,72.2,1203761,4.7034,4.6349,0.994306
291,20250223_20250307,20250223,20250307,68.5,1203919,3.2887,-3.2709,0.991367
292,20250223_20250319,20250223,20250319,70.0,1203893,0.8206,0.1942,0.132982
293,20250223_20250331,20250223,20250331,107.6,1203813,7.2457,-7.172,0.999762
294,20250307_20250319,20250307,20250319,1.5,1203830,3.5305,3.4763,0.993412
295,20250307_20250331,20250307,20250331,39.0,1203949,3.9752,-3.8859,0.991984
296,20250307_20250412,20250307,20250412,-184.5,1203889,6.6163,-6.5272,0.999171
297,20250319_20250331,20250319,20250331,37.5,1203701,7.3966,-7.3705,0.999924
298,20250319_20250412,20250319,20250412,-186.0,1203716,10.0387,-10.0043,0.999896
299,20250319_20250424,20250319,20250424,-99.0,1203704,5.1716,-5.0979,0.995717
300,20250331_20250412,20250331,20250412,-223.4,1203726,2.7194,-2.6169,0.979029
301,20250331_20250424,20250331,20250424,-136.4,1203714,2.4052,2.2859,0.963277
302,20250331_20250506,20250331,20250506,-168.3,1203812,6.4744,6.3546,0.998346
303,20250412_20250424,20250412,20250424,87.0,1203788,1.3818,-1.3093,0.928431
304,20250412_20250506,20250412,20250506,55.1,1203740,2.8775,2.7772,0.975913
305,20250424_20250506,20250424,20250506,-31.9,1203663,4.1426,4.0888,0.996319
306,20250424_20250530,20250424,20250530,-120.7,1203740,1.4341,0.6158,0.311068
307,20250506_20250530,20250506,20250530,-88.8,1203694,3.6483,-3.4383,0.973335
308,20250506_20250611,20250506,20250611,-129.1,1203666,12.0869,12.0112,0.999987
309,20250530_20250611,20250530,20250611,-40.4,1203697,3.1254,2.9563,0.980236
310,20250530_20250623,20250530,20250623,-5.4,1203855,2.7518,2.2132,0.914224
311,20250530_20250705,20250530,20250705,0.4,1203772,2.1184,-1.4711,0.840433
312,20250611_20250623,20250611,20250623,35.0,1203809,6.7917,-6.8911,0.987068
313,20250611_20250705,20250611,20250705,40.7,1203704,10.8446,-10.6432,0.999963
314,20250611_20250717,20250611,20250717,83.5,1203786,8.3338,-7.7352,0.998944
315,20250623_20250705,20250623,20250705,5.7,1203808,3.0003,2.6158,0.933371
316,20250623_20250717,20250623,20250717,48.5,1203808,2.5532,-0.6545,0.419981
317,20250623_20250729,20250623,20250729,58.1,1203824,4.2221,-3.8208,0.941338
318,20250705_20250717,20250705,20250717,42.8,1203830,3.1773,2.9654,0.936048
319,20250705_20250729,20250705,20250729,52.3,1203817,7.0567,-6.5161,0.997255
320,20250705_20250810,20250705,20250810,71.1,1203832,5.5175,5.1948,0.982524
321,20250717_20250729,20250717,20250729,9.5,1203853,3.3698,3.1356,0.966725
322,20250717_20250810,20250717,20250810,28.3,1203811,4.3113,-4.0349,0.971691
323,20250717_20250822,20250717,20250822,59.6,1203826,3.1245,-2.4447,0.925946
324,20250729_20250810,20250729,20250810,18.7,1203874,1.5665,-0.877,0.390028
325,20250729_20250822,20250729,20250822,50.1,1203856,5.6683,-5.5382,0.983874
326,20250729_20250903,20250729,20250903,100.2,1203965,13.3219,-13.1789,0.99998
327,20250810_20250822,20250810,20250822,31.4,1203840,2.0961,1.6484,0.865539
328,20250810_20250903,20250810,20250903,81.5,1203950,1.7547,0.3032,0.329811
329,20250810_20250915,20250810,20250915,180.2,1203830,4.1914,3.5584,0.956981
330,20250822_20250903,20250822,20250903,50.1,1203857,7.7741,-7.6175,0.998203
331,20250822_20250915,20250822,20250915,148.8,1203810,2.4322,1.8847,0.868169
332,20250822_20250927,20250822,20250927,56.7,1203828,3.5187,3.2403,0.944104
333,20250903_20250915,20250903,20250915,98.7,1203869,3.6227,3.2442,0.952256
334,20250903_20250927,20250903,20250927,6.6,1203873,4.8187,4.5851,0.980339
335,20250915_20250927,20250915,20250927,-92.1,1203769,1.8798,1.3599,0.848451
