block_row,block_col,window_row,window_col,full_grid_row,full_grid_col,lon,lat,n_pixels,median_temporal_coherence,median_velocity_m_per_yr,median_velocity_std,stable_candidate
0,240,30,270,778,946,76.90263,28.86196,3269,0.3633,-0.03991,0.00278,False
0,300,30,330,778,1006,76.92722,28.86161,2779,0.4168,-0.03759,0.00242,False
0,360,30,390,778,1066,76.95182,28.86126,2290,0.5213,-0.03334,0.00209,False
0,420,30,450,778,1126,76.97641,28.8609,1800,0.4282,-0.03534,0.00187,False
0,480,30,510,778,1186,77.001,28.86054,1312,0.466,-0.02327,0.00185,False
0,540,30,570,778,1246,77.0256,28.86017,821,0.3098,-0.04617,0.00211,False
60,180,90,210,838,886,76.87765,28.84066,1021,0.4406,-0.03487,0.00239,False
60,240,90,270,838,946,76.90224,28.84031,3600,0.3752,-0.03284,0.00243,False
60,300,90,330,838,1006,76.92682,28.83996,3600,0.6239,-0.03021,0.00209,False
60,360,90,390,838,1066,76.95141,28.83961,3600,0.6784,-0.0199,0.00173,False
60,420,90,450,838,1126,76.976,28.83925,3600,0.6211,-0.01752,0.0016,False
60,480,90,510,838,1186,77.00059,28.83889,3600,0.3867,-0.03465,0.00177,False
60,540,90,570,838,1246,77.02518,28.83852,3600,0.3452,-0.03185,0.00191,False
60,600,90,630,838,1306,77.04976,28.83815,3600,0.3707,-0.03353,0.00152,False
60,660,90,690,838,1366,77.07435,28.83777,3434,0.6832,-0.02095,0.00141,False
60,720,90,750,838,1426,77.09894,28.83739,2953,0.8629,-0.01297,0.00134,False
60,780,90,810,838,1486,77.12352,28.83701,2463,0.7501,-0.01439,0.00137,False
60,840,90,870,838,1546,77.14811,28.83662,1975,0.6368,-0.01817,0.00138,False
60,900,90,930,838,1606,77.17269,28.83622,1484,0.6516,-0.02211,0.00149,False
60,960,90,990,838,1666,77.19727,28.83583,996,0.5009,-0.03298,0.00151,False
60,1020,90,1050,838,1726,77.22186,28.83542,505,0.3859,-0.02982,0.00155,False
120,180,150,210,898,886,76.87726,28.819,1731,0.3599,-0.02768,0.00217,False
120,240,150,270,898,946,76.90184,28.81866,3600,0.4676,-0.02266,0.00193,False
120,300,150,330,898,1006,76.92643,28.81831,3600,0.6396,-0.02314,0.00181,False
120,360,150,390,898,1066,76.95101,28.81796,3600,0.5687,-0.02598,0.0017,False
120,420,150,450,898,1126,76.97559,28.8176,3600,0.5292,-0.02431,0.00166,False
120,480,150,510,898,1186,77.00018,28.81724,3600,0.4954,-0.02794,0.00151,False
120,540,150,570,898,1246,77.02476,28.81687,3600,0.3446,-0.02555,0.00148,False
120,600,150,630,898,1306,77.04934,28.8165,3600,0.5136,-0.02378,0.00132,False
120,660,150,690,898,1366,77.07392,28.81612,3600,0.7948,-0.01483,0.00124,False
120,720,150,750,898,1426,77.0985,28.81574,3600,0.7911,-0.01512,0.00127,False
120,780,150,810,898,1486,77.12308,28.81536,3600,0.7111,-0.0137,0.00129,False
120,840,150,870,898,1546,77.14766,28.81497,3600,0.8255,-0.0104,0.00126,False
120,900,150,930,898,1606,77.17224,28.81458,3600,0.682,-0.0174,0.00138,False
120,960,150,990,898,1666,77.19682,28.81418,3600,0.4404,-0.03396,0.00147,False
120,1020,150,1050,898,1726,77.2214,28.81378,3600,0.4235,-0.02235,0.00144,False
120,1080,150,1110,898,1786,77.24598,28.81337,3547,0.4088,-0.01799,0.00137,False
120,1140,150,1170,898,1846,77.27055,28.81296,3070,0.6887,-0.01063,0.00128,False
180,180,210,210,958,886,76.87687,28.79735,2441,0.3838,-0.0364,0.00188,False
180,240,210,270,958,946,76.90145,28.79701,3600,0.3477,-0.03465,0.00196,False
180,300,210,330,958,1006,76.92603,28.79666,3600,0.4865,-0.03204,0.00179,False
180,360,210,390,958,1066,76.95061,28.79631,3600,0.5525,-0.02857,0.00152,False
180,420,210,450,958,1126,76.97518,28.79595,3600,0.5105,-0.03126,0.00162,False
180,480,210,510,958,1186,76.99976,28.79559,3600,0.3765,-0.0325,0.0015,False
180,540,210,570,958,1246,77.02434,28.79522,3600,0.445,-0.02289,0.0013,False
180,600,210,630,958,1306,77.04892,28.79485,3600,0.8652,-0.01218,0.00119,False
180,660,210,690,958,1366,77.07349,28.79448,3600,0.8328,-0.01248,0.00125,False
180,720,210,750,958,1426,77.09807,28.7941,3600,0.5915,-0.02121,0.00128,False
180,780,210,810,958,1486,77.12264,28.79371,3600,0.6276,-0.01316,0.00122,False
180,840,210,870,958,1546,77.14722,28.79332,3600,0.8412,-0.00954,0.00118,False
180,900,210,930,958,1606,77.17179,28.79293,3600,0.6503,-0.01429,0.00124,False
180,960,210,990,958,1666,77.19637,28.79253,3600,0.4385,-0.02222,0.00126,False
180,1020,210,1050,958,1726,77.22094,28.79213,3600,0.3855,-0.02438,0.00134,False
180,1080,210,1110,958,1786,77.24551,28.79172,3600,0.7461,-0.00593,0.0012,False
180,1140,210,1170,958,1846,77.27008,28.79131,3128,0.9305,-0.00184,0.00117,True
240,180,270,210,1018,886,76.87648,28.7757,3150,0.3639,-0.02579,0.00174,False
240,240,270,270,1018,946,76.90106,28.77536,3600,0.4783,-0.02903,0.0016,False
240,300,270,330,1018,1006,76.92563,28.77501,3600,0.4197,-0.03259,0.00166,False
240,360,270,390,1018,1066,76.9502,28.77466,3600,0.5458,-0.02942,0.00145,False
240,420,270,450,1018,1126,76.97478,28.7743,3600,0.496,-0.02436,0.00149,False
240,480,270,510,1018,1186,76.99935,28.77394,3600,0.4783,-0.03031,0.00127,False
240,540,270,570,1018,1246,77.02392,28.77357,3600,0.3888,-0.0193,0.00128,False
240,600,270,630,1018,1306,77.04849,28.7732,3600,0.7245,-0.01548,0.00119,False
240,660,270,690,1018,1366,77.07306,28.77283,3600,0.7108,-0.01237,0.00111,False
240,720,270,750,1018,1426,77.09763,28.77245,3600,0.6883,-0.01136,0.00112,False
240,780,270,810,1018,1486,77.1222,28.77206,3600,0.809,-0.00904,0.00108,False
240,840,270,870,1018,1546,77.14677,28.77168,3600,0.8544,-0.0049,0.001,True
240,900,270,930,1018,1606,77.17134,28.77128,3600,0.9065,-0.00358,0.00105,True
240,960,270,990,1018,1666,77.19591,28.77089,3600,0.8101,-0.0069,0.00108,False
240,1020,270,1050,1018,1726,77.22048,28.77048,3600,0.3183,-0.02071,0.0013,False
240,1080,270,1110,1018,1786,77.24505,28.77008,3600,0.7271,-0.00663,0.00115,False
240,1140,270,1170,1018,1846,77.26962,28.76967,2648,0.9251,-0.00385,0.00114,True
300,180,330,210,1078,886,76.87609,28.75405,3595,0.4422,-0.02249,0.00165,False
300,240,330,270,1078,946,76.90066,28.75371,3600,0.4169,-0.02465,0.00164,False
300,300,330,330,1078,1006,76.92523,28.75336,3600,0.551,-0.02075,0.00147,False
300,360,330,390,1078,1066,76.9498,28.75301,3600,0.5022,-0.01994,0.00137,False
300,420,330,450,1078,1126,76.97437,28.75265,3600,0.5176,-0.01628,0.00124,False
300,480,330,510,1078,1186,76.99894,28.75229,3600,0.4813,-0.02258,0.00111,False
300,540,330,570,1078,1246,77.0235,28.75192,3600,0.4845,-0.01588,0.00108,False
300,600,330,630,1078,1306,77.04807,28.75155,3600,0.6247,-0.01229,0.00101,False
300,660,330,690,1078,1366,77.07264,28.75118,3600,0.8073,-0.00678,0.00091,False
300,720,330,750,1078,1426,77.0972,28.7508,3600,0.8369,-0.00549,0.00088,False
300,780,330,810,1078,1486,77.12177,28.75042,3600,0.9078,-0.00264,0.00091,True
300,840,330,870,1078,1546,77.14633,28.75003,3600,0.9318,-0.00254,0.00088,True
300,900,330,930,1078,1606,77.1709,28.74963,3600,0.8985,-0.00282,0.00093,True
300,960,330,990,1078,1666,77.19546,28.74924,3600,0.951,-0.00202,0.00096,True
300,1020,330,1050,1078,1726,77.22002,28.74884,3600,0.4345,-0.0137,0.00111,False
300,1080,330,1110,1078,1786,77.24458,28.74843,3600,0.7052,-0.00886,0.0011,False
300,1140,330,1170,1078,1846,77.26915,28.74802,2169,0.9169,-0.00538,0.00107,True
360,120,390,150,1138,826,76.85114,28.73274,971,0.557,-0.02236,0.00168,False
360,180,390,210,1138,886,76.87571,28.7324,3600,0.5676,-0.02005,0.00147,False
360,240,390,270,1138,946,76.90027,28.73206,3600,0.5186,-0.0147,0.00141,False
360,300,390,330,1138,1006,76.92483,28.73171,3600,0.5567,-0.02026,0.0013,False
360,360,390,390,1138,1066,76.9494,28.73136,3600,0.598,-0.01588,0.00116,False
360,420,390,450,1138,1126,76.97396,28.731,3600,0.4816,-0.01722,0.00119,False
360,480,390,510,1138,1186,76.99852,28.73064,3600,0.7028,-0.01027,0.00098,False
360,540,390,570,1138,1246,77.02309,28.73027,3600,0.7449,-0.00779,0.00092,False
360,600,390,630,1138,1306,77.04765,28.7299,3600,0.8514,-0.00558,0.00082,True
360,660,390,690,1138,1366,77.07221,28.72953,3600,0.8931,-0.00441,0.00074,True
360,720,390,750,1138,1426,77.09677,28.72915,3600,0.9082,-0.00335,0.00081,True
360,780,390,810,1138,1486,77.12133,28.72877,3600,0.9364,-0.00173,0.0008,True
360,840,390,870,1138,1546,77.14589,28.72838,3600,0.8827,-0.00231,0.00086,True
360,900,390,930,1138,1606,77.17045,28.72799,3600,0.9237,-0.00216,0.00081,True
360,960,390,990,1138,1666,77.19501,28.72759,3600,0.905,-0.00171,0.00088,True
360,1020,390,1050,1138,1726,77.21956,28.72719,3600,0.8904,-0.00372,0.00093,True
360,1080,390,1110,1138,1786,77.24412,28.72678,3600,0.6866,-0.00404,0.00099,False
360,1140,390,1170,1138,1846,77.26868,28.72637,1692,0.9584,-0.00323,0.00099,True
420,120,450,150,1198,826,76.85076,28.71109,1681,0.4071,-0.02509,0.00157,False
420,180,450,210,1198,886,76.87532,28.71075,3600,0.8173,-0.00544,0.00136,False
420,240,450,270,1198,946,76.89988,28.7104,3600,0.8065,-0.00636,0.00119,False
420,300,450,330,1198,1006,76.92444,28.71006,3600,0.8105,-0.00652,0.00109,False
420,360,450,390,1198,1066,76.949,28.70971,3600,0.7354,-0.00942,0.00104,False
420,420,450,450,1198,1126,76.97355,28.70935,3600,0.5564,-0.01371,0.00104,False
420,480,450,510,1198,1186,76.99811,28.70899,3600,0.492,-0.01071,0.00102,False
420,540,450,570,1198,1246,77.02267,28.70862,3600,0.7441,-0.00859,0.00082,False
420,600,450,630,1198,1306,77.04723,28.70825,3600,0.8681,-0.00367,0.0007,True
420,660,450,690,1198,1366,77.07178,28.70788,3600,0.9375,-0.00395,0.00066,True
420,720,450,750,1198,1426,77.09634,28.7075,3600,0.9534,-0.00244,0.00064,True
420,780,450,810,1198,1486,77.12089,28.70712,3600,0.9572,-0.0018,0.00064,True
420,840,450,870,1198,1546,77.14545,28.70673,3600,0.9506,-0.00154,0.0007,True
420,900,450,930,1198,1606,77.17,28.70634,3600,0.9554,-0.00062,0.00069,True
420,960,450,990,1198,1666,77.19455,28.70594,3600,0.968,0.00034,0.00072,True
420,1020,450,1050,1198,1726,77.21911,28.70554,3600,0.9462,0.00052,0.00084,True
420,1080,450,1110,1198,1786,77.24366,28.70514,3600,0.5452,-0.00183,0.00098,False
420,1140,450,1170,1198,1846,77.26821,28.70473,1212,0.9889,-0.00113,0.00093,True
480,120,510,150,1258,826,76.85038,28.68943,2391,0.4945,-0.0194,0.00147,False
480,180,510,210,1258,886,76.87493,28.6891,3600,0.5549,-0.01649,0.00132,False
480,240,510,270,1258,946,76.89949,28.68875,3600,0.8233,-0.00833,0.00112,False
480,300,510,330,1258,1006,76.92404,28.68841,3600,0.8689,-0.00237,0.00107,True
480,360,510,390,1258,1066,76.9486,28.68805,3600,0.8835,-0.0005,0.00098,True
480,420,510,450,1258,1126,76.97315,28.6877,3600,0.8129,-0.00538,0.00089,False
480,480,510,510,1258,1186,76.9977,28.68734,3600,0.8389,-0.00451,0.00079,False
480,540,510,570,1258,1246,77.02225,28.68697,3600,0.8578,-0.00327,0.00069,True
480,600,510,630,1258,1306,77.0468,28.6866,3600,0.923,-0.00214,0.00063,True
480,660,510,690,1258,1366,77.07135,28.68623,3600,0.9614,-0.00143,0.0005,True
480,720,510,750,1258,1426,77.09591,28.68585,3600,0.9609,-0.00028,0.0005,True
480,780,510,810,1258,1486,77.12046,28.68547,3600,0.9781,-6e-05,0.00048,True
480,840,510,870,1258,1546,77.145,28.68508,3600,0.9621,-5e-05,0.00054,True
480,900,510,930,1258,1606,77.16955,28.68469,3600,0.981,0.00014,0.00055,True
480,960,510,990,1258,1666,77.1941,28.6843,3600,0.9831,-0.00021,0.00069,True
480,1020,510,1050,1258,1726,77.21865,28.6839,3600,0.9457,0.00096,0.0008,True
480,1080,510,1110,1258,1786,77.2432,28.68349,3600,0.6358,-0.00753,0.00096,False
480,1140,510,1170,1258,1846,77.26775,28.68308,732,0.9897,-0.00032,0.0009,True
540,120,570,150,1318,826,76.85,28.66778,3101,0.5257,-0.01885,0.00152,False
540,180,570,210,1318,886,76.87455,28.66744,3600,0.6544,-0.01064,0.00132,False
540,240,570,270,1318,946,76.8991,28.6671,3600,0.7028,-0.01076,0.00109,False
540,300,570,330,1318,1006,76.92365,28.66676,3600,0.5982,-0.01192,0.00102,False
540,360,570,390,1318,1066,76.94819,28.6664,3600,0.6376,-0.01035,0.00095,False
540,420,570,450,1318,1126,76.97274,28.66605,3600,0.495,-0.0147,0.00092,False
540,480,570,510,1318,1186,76.99729,28.66569,3600,0.5531,-0.00992,0.0008,False
540,540,570,570,1318,1246,77.02184,28.66532,3600,0.7057,-0.00424,0.00069,False
540,600,570,630,1318,1306,77.04638,28.66496,3600,0.9154,-0.00418,0.00056,True
540,660,570,690,1318,1366,77.07093,28.66458,3600,0.98,-0.00403,0.0004,True
540,720,570,750,1318,1426,77.09547,28.6642,3600,0.9816,-1e-05,0.00034,True
540,780,570,810,1318,1486,77.12002,28.66382,3600,0.984,0.00037,0.00035,True
540,840,570,870,1318,1546,77.14456,28.66344,3600,0.9784,-0.00037,0.00044,True
540,900,570,930,1318,1606,77.16911,28.66304,3600,0.9739,-0.0002,0.00053,True
540,960,570,990,1318,1666,77.19365,28.66265,3600,0.9709,0.00038,0.00061,True
540,1020,570,1050,1318,1726,77.21819,28.66225,3600,0.9735,0.0009,0.00073,True
540,1080,570,1110,1318,1786,77.24274,28.66184,3598,0.8794,0.0,0.00079,True
600,120,630,150,1378,826,76.84962,28.64613,3585,0.4378,-0.0202,0.00152,False
600,180,630,210,1378,886,76.87416,28.64579,3600,0.5315,-0.01211,0.0013,False
600,240,630,270,1378,946,76.89871,28.64545,3600,0.5096,-0.01833,0.00118,False
600,300,630,330,1378,1006,76.92325,28.6451,3600,0.4372,-0.0234,0.00111,False
600,360,630,390,1378,1066,76.94779,28.64475,3600,0.6667,-0.00731,0.00089,False
600,420,630,450,1378,1126,76.97234,28.6444,3600,0.5104,-0.00985,0.00085,False
600,480,630,510,1378,1186,76.99688,28.64404,3600,0.5207,-0.01078,0.00077,False
600,540,630,570,1378,1246,77.02142,28.64367,3600,0.9337,-0.00378,0.0006,True
600,600,630,630,1378,1306,77.04596,28.64331,3600,0.9831,-0.00267,0.00044,True
600,660,630,690,1378,1366,77.0705,28.64293,3600,0.9824,-0.00058,0.00035,True
600,720,630,750,1378,1426,77.09504,28.64256,3600,0.9905,-0.00014,0.00023,True
600,780,630,810,1378,1486,77.11958,28.64217,3600,0.9886,-0.00041,0.00023,True
600,840,630,870,1378,1546,77.14412,28.64179,3600,0.9596,-0.00231,0.0004,True
600,900,630,930,1378,1606,77.16866,28.6414,3600,0.9754,0.00051,0.00052,True
600,960,630,990,1378,1666,77.1932,28.641,3600,0.9604,0.00138,0.00063,True
600,1020,630,1050,1378,1726,77.21774,28.6406,3600,0.9556,0.00101,0.0007,True
600,1080,630,1110,1378,1786,77.24228,28.6402,3232,0.9629,0.00091,0.00075,True
660,60,690,90,1438,766,76.8247,28.62481,921,0.3288,-0.01737,0.00179,False
660,120,690,150,1438,826,76.84924,28.62448,3600,0.3513,-0.02191,0.0016,False
660,180,690,210,1438,886,76.87378,28.62414,3600,0.4045,-0.02203,0.00132,False
660,240,690,270,1438,946,76.89832,28.6238,3600,0.4214,-0.02088,0.00122,False
660,300,690,330,1438,1006,76.92286,28.62345,3600,0.6135,-0.01365,0.001,False
660,360,690,390,1438,1066,76.94739,28.6231,3600,0.6314,-0.01044,0.00093,False
660,420,690,450,1438,1126,76.97193,28.62275,3600,0.9432,-0.00174,0.00077,True
660,480,690,510,1438,1186,76.99647,28.62239,3600,0.9574,-0.00104,0.00068,True
660,540,690,570,1438,1246,77.02101,28.62202,3600,0.9848,-0.00295,0.00058,True
660,600,690,630,1438,1306,77.04554,28.62166,3600,0.9906,-0.00389,0.00045,True
660,660,690,690,1438,1366,77.07008,28.62128,3600,0.9895,-0.0005,0.0004,True
660,720,690,750,1438,1426,77.09461,28.62091,3600,0.9877,0.00057,0.00033,True
660,780,690,810,1438,1486,77.11915,28.62052,3600,0.9725,-0.00156,0.00041,True
660,840,690,870,1438,1546,77.14368,28.62014,3600,0.9407,-0.00027,0.00048,True
660,900,690,930,1438,1606,77.16822,28.61975,3600,0.5075,0.00277,0.00073,False
660,960,690,990,1438,1666,77.19275,28.61935,3600,0.6447,0.00149,0.00075,False
660,1020,690,1050,1438,1726,77.21728,28.61895,3600,0.9195,0.00114,0.00072,True
660,1080,690,1110,1438,1786,77.24182,28.61855,2595,0.9384,0.00103,0.00075,True
720,60,750,90,1498,766,76.82432,28.60316,1631,0.3887,-0.02537,0.00163,False
720,120,750,150,1498,826,76.84886,28.60283,3600,0.485,-0.01714,0.00147,False
720,180,750,210,1498,886,76.87339,28.60249,3600,0.4248,-0.01607,0.00137,False
720,240,750,270,1498,946,76.89793,28.60215,3600,0.4621,-0.01067,0.0012,False
720,300,750,330,1498,1006,76.92246,28.6018,3600,0.5553,-0.0121,0.00104,False
720,360,750,390,1498,1066,76.94699,28.60145,3600,0.6511,-0.00815,0.00092,False
720,420,750,450,1498,1126,76.97153,28.6011,3600,0.9687,-0.00128,0.00084,True
720,480,750,510,1498,1186,76.99606,28.60074,3600,0.983,-0.00052,0.00074,True
720,540,750,570,1498,1246,77.02059,28.60037,3600,0.8983,-0.00068,0.00068,True
720,600,750,630,1498,1306,77.04512,28.60001,3600,0.9655,-0.00038,0.00055,True
720,660,750,690,1498,1366,77.06965,28.59963,3600,0.9846,-0.00024,0.00048,True
720,720,750,750,1498,1426,77.09418,28.59926,3600,0.9874,-0.00093,0.0005,True
720,780,750,810,1498,1486,77.11871,28.59888,3600,0.9315,-0.00154,0.00054,True
720,840,750,870,1498,1546,77.14324,28.59849,3600,0.7982,-0.00025,0.00064,False
720,900,750,930,1498,1606,77.16777,28.5981,3600,0.7986,0.00122,0.00067,False
720,960,750,990,1498,1666,77.1923,28.59771,3600,0.94,0.001,0.00073,True
720,1020,750,1050,1498,1726,77.21683,28.59731,3600,0.9194,0.00105,0.00079,True
720,1080,750,1110,1498,1786,77.24136,28.5969,1961,0.9181,0.0015,0.00083,True
780,60,810,90,1558,766,76.82395,28.5815,2341,0.499,-0.02397,0.00154,False
780,120,810,150,1558,826,76.84848,28.58117,3600,0.4701,-0.02303,0.00152,False
780,180,810,210,1558,886,76.87301,28.58084,3600,0.5055,-0.01207,0.00139,False
780,240,810,270,1558,946,76.89754,28.5805,3600,0.4572,-0.01441,0.00127,False
780,300,810,330,1558,1006,76.92207,28.58015,3600,0.5148,-0.0117,0.00109,False
780,360,810,390,1558,1066,76.9466,28.5798,3600,0.5443,-0.00983,0.00096,False
780,420,810,450,1558,1126,76.97112,28.57945,3600,0.5475,-0.01369,0.00096,False
780,480,810,510,1558,1186,76.99565,28.57909,3600,0.7014,-0.00431,0.00082,False
780,540,810,570,1558,1246,77.02018,28.57872,3600,0.9239,-0.00254,0.00075,True
780,600,810,630,1558,1306,77.0447,28.57836,3600,0.9129,-0.00138,0.00067,True
780,660,810,690,1558,1366,77.06923,28.57798,3600,0.9671,0.00149,0.00064,True
780,720,810,750,1558,1426,77.09375,28.57761,3600,0.9336,-0.0004,0.00063,True
780,780,810,810,1558,1486,77.11828,28.57723,3600,0.8851,-0.00088,0.00063,True
780,840,810,870,1558,1546,77.1428,28.57684,3600,0.9038,-0.0003,0.00067,True
780,900,810,930,1558,1606,77.16733,28.57645,3600,0.9684,0.00112,0.0007,True
780,960,810,990,1558,1666,77.19185,28.57606,3600,0.939,0.00074,0.00075,True
780,1020,810,1050,1558,1726,77.21637,28.57566,3600,0.9716,0.00111,0.0008,True
780,1080,810,1110,1558,1786,77.2409,28.57526,1326,0.9839,0.00183,0.00091,True
840,60,870,90,1618,766,76.82358,28.55985,3052,0.5676,-0.01989,0.00153,False
840,120,870,150,1618,826,76.8481,28.55952,3600,0.514,-0.01984,0.00159,False
840,180,870,210,1618,886,76.87263,28.55918,3600,0.4879,-0.0179,0.00144,False
840,240,870,270,1618,946,76.89715,28.55884,3600,0.472,-0.0192,0.0013,False
840,300,870,330,1618,1006,76.92167,28.5585,3600,0.4206,-0.01651,0.00123,False
840,360,870,390,1618,1066,76.9462,28.55815,3600,0.5033,-0.01417,0.00108,False
840,420,870,450,1618,1126,76.97072,28.55779,3600,0.5013,-0.01078,0.00098,False
840,480,870,510,1618,1186,76.99524,28.55744,3600,0.6465,-0.00479,0.0009,False
840,540,870,570,1618,1246,77.01976,28.55707,3600,0.7092,-0.00575,0.0008,False
840,600,870,630,1618,1306,77.04428,28.55671,3600,0.8762,-0.00367,0.00076,True
840,660,870,690,1618,1366,77.06881,28.55633,3600,0.8995,-0.00243,0.00072,True
840,720,870,750,1618,1426,77.09333,28.55596,3600,0.8342,-0.00176,0.00076,False
840,780,870,810,1618,1486,77.11785,28.55558,3600,0.9015,-0.0012,0.00081,True
840,840,870,870,1618,1546,77.14237,28.55519,3600,0.8058,0.00073,0.00084,False
840,900,870,930,1618,1606,77.16688,28.5548,3600,0.9476,0.00116,0.00083,True
840,960,870,990,1618,1666,77.1914,28.55441,3600,0.9475,0.00194,0.00085,True
840,1020,870,1050,1618,1726,77.21592,28.55401,3600,0.9793,0.0022,0.00091,True
840,1080,870,1110,1618,1786,77.24044,28.55361,694,0.9721,0.00182,0.00099,True
900,60,930,90,1678,766,76.8232,28.5382,3573,0.4336,-0.02549,0.00168,False
900,120,930,150,1678,826,76.84772,28.53787,3600,0.4205,-0.02096,0.00158,False
900,180,930,210,1678,886,76.87224,28.53753,3600,0.3801,-0.01957,0.0015,False
900,240,930,270,1678,946,76.89676,28.53719,3600,0.4085,-0.01661,0.00135,False
900,300,930,330,1678,1006,76.92128,28.53685,3600,0.5184,-0.0127,0.00116,False
900,360,930,390,1678,1066,76.9458,28.5365,3600,0.5255,-0.01524,0.00114,False
900,420,930,450,1678,1126,76.97032,28.53614,3600,0.4872,-0.01442,0.00112,False
900,480,930,510,1678,1186,76.99483,28.53579,3600,0.5051,-0.00397,0.00099,False
900,540,930,570,1678,1246,77.01935,28.53542,3600,0.7293,-0.00167,0.00084,False
900,600,930,630,1678,1306,77.04387,28.53506,3600,0.8147,-0.00482,0.00076,False
900,660,930,690,1678,1366,77.06838,28.53469,3600,0.8443,-0.00783,0.00079,False
900,720,930,750,1678,1426,77.0929,28.53431,3600,0.8818,-0.00659,0.00099,False
900,780,930,810,1678,1486,77.11741,28.53393,3600,0.9012,-0.00276,0.00107,True
900,840,930,870,1678,1546,77.14193,28.53354,3600,0.9293,0.00068,0.00113,True
900,900,930,930,1678,1606,77.16644,28.53316,3600,0.7722,0.00172,0.0011,False
900,960,930,990,1678,1666,77.19095,28.53276,3600,0.8777,0.00238,0.00113,True
900,1020,930,1050,1678,1726,77.21547,28.53236,3547,0.9479,0.0037,0.00113,True
960,0,990,30,1738,706,76.79832,28.51687,870,0.3766,-0.03347,0.00171,False
960,60,990,90,1738,766,76.82283,28.51655,3600,0.4275,-0.0299,0.00162,False
960,120,990,150,1738,826,76.84735,28.51622,3600,0.4873,-0.01844,0.00149,False
960,180,990,210,1738,886,76.87186,28.51588,3600,0.501,-0.01163,0.00136,False
960,240,990,270,1738,946,76.89637,28.51554,3600,0.4338,-0.01305,0.00132,False
960,300,990,330,1738,1006,76.92089,28.5152,3600,0.2456,-0.00839,0.00121,False
960,360,990,390,1738,1066,76.9454,28.51485,3600,0.317,-0.02582,0.00133,False
960,420,990,450,1738,1126,76.96991,28.51449,3600,0.4696,-0.00643,0.0011,False
960,480,990,510,1738,1186,76.99443,28.51414,3600,0.7826,-0.00317,0.00102,False
960,540,990,570,1738,1246,77.01894,28.51377,3600,0.9029,-0.00025,0.0009,True
960,600,990,630,1738,1306,77.04345,28.51341,3600,0.9375,-0.00013,0.00085,True
960,660,990,690,1738,1366,77.06796,28.51304,3600,0.8986,-0.00831,0.00095,False
960,720,990,750,1738,1426,77.09247,28.51266,3600,0.8476,-0.007,0.00106,False
960,780,990,810,1738,1486,77.11698,28.51228,3600,0.8151,-0.00046,0.0012,False
960,840,990,870,1738,1546,77.14149,28.5119,3600,0.7503,-0.00111,0.00128,False
960,900,990,930,1738,1606,77.166,28.51151,3600,0.8917,0.00155,0.0014,True
960,960,990,990,1738,1666,77.19051,28.51111,3600,0.8879,0.00195,0.00127,True
960,1020,990,1050,1738,1726,77.21501,28.51072,3023,0.9243,0.0028,0.00127,True
1020,0,1050,30,1798,706,76.79795,28.49522,1581,0.4682,-0.03025,0.00168,False
1020,60,1050,90,1798,766,76.82246,28.49489,3600,0.4665,-0.01888,0.00155,False
1020,120,1050,150,1798,826,76.84697,28.49456,3600,0.4711,-0.01808,0.00145,False
1020,180,1050,210,1798,886,76.87148,28.49423,3600,0.5215,-0.01082,0.00136,False
1020,240,1050,270,1798,946,76.89599,28.49389,3600,0.5631,-0.00898,0.00128,False
1020,300,1050,330,1798,1006,76.9205,28.49354,3600,0.3337,-0.0039,0.00124,False
1020,360,1050,390,1798,1066,76.945,28.49319,3600,0.0,0.0,0.0,False
1020,420,1050,450,1798,1126,76.96951,28.49284,3600,0.6323,-0.00536,0.00116,False
1020,480,1050,510,1798,1186,76.99402,28.49248,3600,0.8084,-0.00051,0.0011,False
1020,540,1050,570,1798,1246,77.01853,28.49212,3600,0.9281,0.00157,0.00102,True
1020,600,1050,630,1798,1306,77.04303,28.49176,3600,0.8095,-0.00308,0.00106,False
1020,660,1050,690,1798,1366,77.06754,28.49139,3600,0.9307,0.00091,0.00107,True
1020,720,1050,750,1798,1426,77.09204,28.49101,3600,0.9195,0.00166,0.00112,True
1020,780,1050,810,1798,1486,77.11655,28.49063,3600,0.8034,0.00131,0.00125,False
1020,840,1050,870,1798,1546,77.14105,28.49025,3600,0.8553,0.00022,0.00133,True
1020,900,1050,930,1798,1606,77.16556,28.48986,3600,0.8955,-5e-05,0.00134,True
1020,960,1050,990,1798,1666,77.19006,28.48947,3600,0.9095,0.00138,0.00136,True
1020,1020,1050,1050,1798,1726,77.21456,28.48907,2388,0.7218,0.0022,0.00135,False
1080,0,1110,30,1858,706,76.79758,28.47357,2291,0.652,-0.00341,0.00161,False
1080,60,1110,90,1858,766,76.82209,28.47324,3600,0.5401,-0.00457,0.00157,False
1080,120,1110,150,1858,826,76.84659,28.47291,3600,0.508,-0.00888,0.00149,False
1080,180,1110,210,1858,886,76.8711,28.47258,3600,0.6128,-0.0029,0.00141,False
1080,240,1110,270,1858,946,76.8956,28.47224,3600,0.5653,-0.00254,0.00128,False
1080,300,1110,330,1858,1006,76.9201,28.47189,3600,0.6475,-0.00343,0.00124,False
1080,360,1110,390,1858,1066,76.94461,28.47154,3600,0.5686,-0.00728,0.00122,False
1080,420,1110,450,1858,1126,76.96911,28.47119,3600,0.7553,-0.00367,0.00117,False
1080,480,1110,510,1858,1186,76.99361,28.47083,3600,0.8786,0.00117,0.00115,True
1080,540,1110,570,1858,1246,77.01811,28.47047,3600,0.9399,0.00415,0.00112,True
1080,600,1110,630,1858,1306,77.04261,28.47011,3600,0.9233,0.0022,0.00113,True
1080,660,1110,690,1858,1366,77.06712,28.46974,3600,0.9088,0.00198,0.00117,True
1080,720,1110,750,1858,1426,77.09162,28.46936,3600,0.9279,0.00128,0.0012,True
1080,780,1110,810,1858,1486,77.11612,28.46898,3600,0.8023,0.00206,0.00125,False
1080,840,1110,870,1858,1546,77.14062,28.4686,3600,0.8623,0.00058,0.00136,True
1080,900,1110,930,1858,1606,77.16511,28.46821,3600,0.8556,0.00014,0.00143,True
1080,960,1110,990,1858,1666,77.18961,28.46782,3600,0.8687,0.00148,0.00142,True
1080,1020,1110,1050,1858,1726,77.21411,28.46742,1752,0.7555,0.00128,0.00142,False
1140,0,1170,30,1918,706,76.79722,28.45191,3002,0.5251,-0.00446,0.00162,False
1140,60,1170,90,1918,766,76.82172,28.45159,3600,0.74,0.00093,0.00155,False
1140,120,1170,150,1918,826,76.84622,28.45126,3600,0.6461,-0.00215,0.00151,False
1140,180,1170,210,1918,886,76.87072,28.45092,3600,0.5948,-0.00472,0.00151,False
1140,240,1170,270,1918,946,76.89521,28.45058,3600,0.5723,-0.00248,0.00147,False
1140,300,1170,330,1918,1006,76.91971,28.45024,3600,0.686,-0.00108,0.00134,False
1140,360,1170,390,1918,1066,76.94421,28.44989,3600,0.768,-0.00034,0.00128,False
1140,420,1170,450,1918,1126,76.96871,28.44954,3600,0.7411,-0.00213,0.00127,False
1140,480,1170,510,1918,1186,76.99321,28.44918,3600,0.8964,0.00175,0.00122,True
1140,540,1170,570,1918,1246,77.0177,28.44882,3600,0.9279,0.00288,0.00122,True
1140,600,1170,630,1918,1306,77.0422,28.44846,3600,0.9148,0.00132,0.00124,True
1140,660,1170,690,1918,1366,77.06669,28.44809,3600,0.9175,0.00206,0.00127,True
1140,720,1170,750,1918,1426,77.09119,28.44771,3600,0.8749,0.00106,0.00139,True
1140,780,1170,810,1918,1486,77.11568,28.44733,3600,0.7075,0.00522,0.00148,False
1140,840,1170,870,1918,1546,77.14018,28.44695,3600,0.7155,0.00201,0.00144,False
1140,900,1170,930,1918,1606,77.16467,28.44656,3600,0.6972,0.00043,0.00152,False
1140,960,1170,990,1918,1666,77.18917,28.44617,3600,0.7936,0.00057,0.00144,False
1140,1020,1170,1050,1918,1726,77.21366,28.44577,1117,0.8161,0.00113,0.00141,False
1200,0,1230,30,1978,706,76.79685,28.43026,839,0.5125,-0.00198,0.00164,False
1200,60,1230,90,1978,766,76.82135,28.42993,1345,0.5776,-0.00286,0.00155,False
1200,120,1230,150,1978,826,76.84584,28.4296,1817,0.6215,0.00112,0.00158,False
1200,180,1230,210,1978,886,76.87033,28.42927,2289,0.6511,0.00151,0.00157,False
1200,240,1230,270,1978,946,76.89483,28.42893,2760,0.4919,-0.00348,0.00153,False
1200,300,1230,330,1978,1006,76.91932,28.42859,3232,0.6561,0.00223,0.00147,False
1200,360,1230,390,1978,1066,76.94381,28.42824,3582,0.8023,0.00242,0.00139,False
1200,420,1230,450,1978,1126,76.96831,28.42789,3600,0.6563,0.0006,0.00142,False
1200,480,1230,510,1978,1186,76.9928,28.42753,3600,0.8875,0.00125,0.0013,True
1200,540,1230,570,1978,1246,77.01729,28.42717,3600,0.8969,0.00107,0.00129,True
1200,600,1230,630,1978,1306,77.04178,28.42681,3600,0.9099,0.00149,0.0013,True
1200,660,1230,690,1978,1366,77.06627,28.42644,3600,0.9206,0.00188,0.00131,True
1200,720,1230,750,1978,1426,77.09076,28.42606,3600,0.9146,0.00141,0.00137,True
1200,780,1230,810,1978,1486,77.11525,28.42568,3600,0.8118,0.00307,0.00143,False
1200,840,1230,870,1978,1546,77.13974,28.4253,3600,0.7137,0.00091,0.00149,False
1200,900,1230,930,1978,1606,77.16423,28.42491,3600,0.6653,0.00407,0.00158,False
1200,960,1230,990,1978,1666,77.18872,28.42452,3600,0.6825,0.00326,0.00154,False
1200,1020,1230,1050,1978,1726,77.21321,28.42413,484,0.7648,0.00105,0.0015,False
1260,420,1290,450,2038,1126,76.96791,28.40624,575,0.8133,0.00169,0.0014,False
1260,480,1290,510,2038,1186,76.99239,28.40588,1048,0.8863,0.0011,0.00135,True
1260,540,1290,570,2038,1246,77.01688,28.40552,1520,0.8201,0.00136,0.00136,False
1260,600,1290,630,2038,1306,77.04137,28.40516,1992,0.9026,0.0029,0.00132,True
1260,660,1290,690,2038,1366,77.06585,28.40479,2464,0.8726,0.00145,0.00138,True
1260,720,1290,750,2038,1426,77.09034,28.40441,2935,0.8348,0.00046,0.00144,False
1260,780,1290,810,2038,1486,77.11482,28.40403,3405,0.7727,0.00241,0.00154,False
1260,840,1290,870,2038,1546,77.13931,28.40365,3600,0.7563,0.00402,0.00162,False
1260,900,1290,930,2038,1606,77.16379,28.40326,3600,0.7194,0.00683,0.00162,False
1260,960,1290,990,2038,1666,77.18828,28.40287,3428,0.6943,0.0076,0.00166,False
1320,900,1332,930,2080,1606,77.16348,28.38811,751,0.7585,0.00772,0.00168,False
1320,960,1332,990,2080,1666,77.18796,28.38772,991,0.7755,0.00746,0.00176,False
