job_name,job_id,pair_id,reference_date,secondary_date,temporal_baseline_days,perpendicular_baseline_m,burst_count,looks,apply_water_mask,status,submitted_at,batch_index,run_id
delhi_ncr_sbas_a27_v1_prod_20211006_20211018,a37d5ccc-0f28-4529-a92b-14b6c0979f28,20211006_20211018,2021-10-06,2021-10-18,12,61.0,4,10x2,True,PENDING,2026-09-21T23:30:30.281358+00:00,1,20260921T233028Z
delhi_ncr_sbas_a27_v1_prod_20211006_20211030,ebe53701-58ea-4963-8b08-dce83c32e735,20211006_20211030,2021-10-06,2021-10-30,24,101.0,4,10x2,True,PENDING,2026-09-21T23:30:31.271791+00:00,1,20260921T233028Z
delhi_ncr_sbas_a27_v1_prod_20211006_20211111,de9747a4-7c3b-4629-84c1-b1736a972ac8,20211006_20211111,2021-10-06,2021-11-11,36,107.0,4,10x2,True,PENDING,2026-09-21T23:30:32.253674+00:00,1,20260921T233028Z
delhi_ncr_sbas_a27_v1_prod_20211018_20211030,92a5f74e-3b7d-4550-89e4-5db0b09b4237,20211018_20211030,2021-10-18,2021-10-30,12,45.0,4,10x2,True,PENDING,2026-09-21T23:30:33.603386+00:00,1,20260921T233028Z
delhi_ncr_sbas_a27_v1_prod_20211018_20211111,4f8a29e8-2dbc-4811-a566-540b3a819e20,20211018_20211111,2021-10-18,2021-11-11,24,50.0,4,10x2,True,PENDING,2026-09-21T23:30:34.307912+00:00,1,20260921T233028Z
delhi_ncr_sbas_a27_v1_prod_20211018_20211123,84389cd3-b41e-4122-bcf8-cbb96bffd3f2,20211018_20211123,2021-10-18,2021-11-23,36,43.0,4,10x2,True,PENDING,2026-09-21T23:30:34.978548+00:00,1,20260921T233028Z
delhi_ncr_sbas_a27_v1_prod_20211030_20211111,a03fb126-c68e-4c21-bae8-5528298b8715,20211030_20211111,2021-10-30,2021-11-11,12,6.0,4,10x2,True,PENDING,2026-09-21T23:30:35.820913+00:00,1,20260921T233028Z
delhi_ncr_sbas_a27_v1_prod_20211030_20211123,c860d25f-37c4-4791-85bc-b729f8b44957,20211030_20211123,2021-10-30,2021-11-23,24,4.0,4,10x2,True,PENDING,2026-09-21T23:30:36.768823+00:00,1,20260921T233028Z
delhi_ncr_sbas_a27_v1_prod_20211030_20211205,3a869d04-6dac-4a5d-bbfc-824881e4587b,20211030_20211205,2021-10-30,2021-12-05,36,56.0,4,10x2,True,PENDING,2026-09-21T23:30:37.742944+00:00,1,20260921T233028Z
delhi_ncr_sbas_a27_v1_prod_20211111_20211123,e39d4dd9-0af7-42b9-96ec-0e009a82d4a9,20211111_20211123,2021-11-11,2021-11-23,12,9.0,4,10x2,True,PENDING,2026-09-21T23:30:38.417739+00:00,1,20260921T233028Z
delhi_ncr_sbas_a27_v1_prod_20211111_20211205,acde0886-d815-44a8-8387-98a577dec42f,20211111_20211205,2021-11-11,2021-12-05,24,62.0,4,10x2,True,PENDING,2026-09-21T23:30:39.134398+00:00,1,20260921T233028Z
delhi_ncr_sbas_a27_v1_prod_20211111_20211217,f9224a5e-4745-49b9-bd40-70005d55e461,20211111_20211217,2021-11-11,2021-12-17,36,83.0,4,10x2,True,PENDING,2026-09-21T23:30:40.172860+00:00,1,20260921T233028Z
delhi_ncr_sbas_a27_v1_prod_20211123_20211205,ce8755a9-b57a-4d76-ae1c-f36e3bbdc8bc,20211123_20211205,2021-11-23,2021-12-05,12,58.0,4,10x2,True,PENDING,2026-09-21T23:30:40.876217+00:00,1,20260921T233028Z
delhi_ncr_sbas_a27_v1_prod_20211123_20211217,fe8cf51b-b764-4ede-b5c1-a8703f67b293,20211123_20211217,2021-11-23,2021-12-17,24,74.0,4,10x2,True,PENDING,2026-09-21T23:30:41.694975+00:00,1,20260921T233028Z
delhi_ncr_sbas_a27_v1_prod_20211123_20211229,8b27910c-cbec-4e64-8088-9b61e0cea92e,20211123_20211229,2021-11-23,2021-12-29,36,122.0,4,10x2,True,PENDING,2026-09-21T23:30:42.594371+00:00,1,20260921T233028Z
delhi_ncr_sbas_a27_v1_prod_20211205_20211217,a4804b2d-7985-4ca3-a046-bf3f59816b44,20211205_20211217,2021-12-05,2021-12-17,12,22.0,4,10x2,True,PENDING,2026-09-21T23:30:43.575225+00:00,1,20260921T233028Z
delhi_ncr_sbas_a27_v1_prod_20211205_20211229,a3a47a75-1742-4dfa-9d82-0818ebe5f088,20211205_20211229,2021-12-05,2021-12-29,24,64.0,4,10x2,True,PENDING,2026-09-21T23:30:44.274483+00:00,1,20260921T233028Z
delhi_ncr_sbas_a27_v1_prod_20211205_20220110,b06649a9-1b8b-4c75-ad4f-b17f10a91991,20211205_20220110,2021-12-05,2022-01-10,36,58.0,4,10x2,True,PENDING,2026-09-21T23:30:44.996607+00:00,1,20260921T233028Z
delhi_ncr_sbas_a27_v1_prod_20211217_20211229,92bf6865-2554-4437-8426-c80b9d0882a2,20211217_20211229,2021-12-17,2021-12-29,12,48.0,4,10x2,True,PENDING,2026-09-21T23:30:46.075487+00:00,1,20260921T233028Z
delhi_ncr_sbas_a27_v1_prod_20211217_20220110,e38c76c3-1d6a-4807-9fb9-4c988c064a5b,20211217_20220110,2021-12-17,2022-01-10,24,74.0,4,10x2,True,PENDING,2026-09-21T23:30:46.763506+00:00,1,20260921T233028Z
delhi_ncr_sbas_a27_v1_prod_20211217_20220122,020c274a-927b-47b5-913e-30441cb22878,20211217_20220122,2021-12-17,2022-01-22,36,8.0,4,10x2,True,PENDING,2026-09-21T23:30:47.457783+00:00,1,20260921T233028Z
delhi_ncr_sbas_a27_v1_prod_20211229_20220110,f870cbcb-376f-437a-82f1-d3f9f4c50829,20211229_20220110,2021-12-29,2022-01-10,12,122.0,4,10x2,True,PENDING,2026-09-21T23:30:48.150652+00:00,1,20260921T233028Z
delhi_ncr_sbas_a27_v1_prod_20211229_20220122,f71b05eb-82b9-43b9-b076-c28ea8b2cc91,20211229_20220122,2021-12-29,2022-01-22,24,50.0,4,10x2,True,PENDING,2026-09-21T23:30:49.125398+00:00,1,20260921T233028Z
delhi_ncr_sbas_a27_v1_prod_20211229_20220203,c5939ea1-77d4-4abe-9986-f940fbb885ac,20211229_20220203,2021-12-29,2022-02-03,36,18.0,4,10x2,True,PENDING,2026-09-21T23:30:49.852660+00:00,1,20260921T233028Z
delhi_ncr_sbas_a27_v1_prod_20220110_20220122,211d09ae-17fa-4451-b67c-eaf8f9c24ee2,20220110_20220122,2022-01-10,2022-01-22,12,72.0,4,10x2,True,PENDING,2026-09-21T23:30:50.545803+00:00,1,20260921T233028Z
delhi_ncr_sbas_a27_v1_prod_20220110_20220203,ed4adeab-8338-41c8-833a-019ca84fead2,20220110_20220203,2022-01-10,2022-02-03,24,136.0,4,10x2,True,PENDING,2026-09-21T23:30:51.279631+00:00,1,20260921T233028Z
delhi_ncr_sbas_a27_v1_prod_20220110_20220215,09c6ac11-6610-47ba-b035-9f96eb346d50,20220110_20220215,2022-01-10,2022-02-15,36,55.0,4,10x2,True,PENDING,2026-09-21T23:30:51.943682+00:00,1,20260921T233028Z
delhi_ncr_sbas_a27_v1_prod_20220122_20220203,2fbe9e15-58cb-42b7-b219-3c41a21bb3a1,20220122_20220203,2022-01-22,2022-02-03,12,68.0,4,10x2,True,PENDING,2026-09-21T23:30:52.950046+00:00,1,20260921T233028Z
delhi_ncr_sbas_a27_v1_prod_20220122_20220215,ddf0d99c-ca75-4943-ae46-16393ad71da6,20220122_20220215,2022-01-22,2022-02-15,24,18.0,4,10x2,True,PENDING,2026-09-21T23:30:53.669309+00:00,1,20260921T233028Z
delhi_ncr_sbas_a27_v1_prod_20220122_20220227,54dc7732-32ca-409b-8730-7ac3ea61403c,20220122_20220227,2022-01-22,2022-02-27,36,31.0,4,10x2,True,PENDING,2026-09-21T23:30:54.368607+00:00,1,20260921T233028Z
delhi_ncr_sbas_a27_v1_prod_20220203_20220215,880cf064-6f4c-468a-af35-1b7d14dccfc5,20220203_20220215,2022-02-03,2022-02-15,12,81.0,4,10x2,True,PENDING,2026-09-21T23:30:55.058879+00:00,1,20260921T233028Z
delhi_ncr_sbas_a27_v1_prod_20220203_20220227,f22adb71-f9ae-4197-af8b-ba9640f3012f,20220203_20220227,2022-02-03,2022-02-27,24,98.0,4,10x2,True,PENDING,2026-09-21T23:30:55.741562+00:00,1,20260921T233028Z
delhi_ncr_sbas_a27_v1_prod_20220203_20220311,c3ed0706-353d-49ca-9e61-66608ce90aae,20220203_20220311,2022-02-03,2022-03-11,36,124.0,4,10x2,True,PENDING,2026-09-21T23:30:56.421817+00:00,1,20260921T233028Z
delhi_ncr_sbas_a27_v1_prod_20220215_20220227,cc94157d-490f-4f0c-9bd0-22e592517bbf,20220215_20220227,2022-02-15,2022-02-27,12,17.0,4,10x2,True,PENDING,2026-09-21T23:30:57.170323+00:00,1,20260921T233028Z
delhi_ncr_sbas_a27_v1_prod_20220215_20220311,4c22d905-5353-4575-a440-d96a88e1d4d1,20220215_20220311,2022-02-15,2022-03-11,24,43.0,4,10x2,True,PENDING,2026-09-21T23:30:57.852661+00:00,1,20260921T233028Z
delhi_ncr_sbas_a27_v1_prod_20220215_20220323,811f7963-3bea-4ae6-9446-9f46448ddae2,20220215_20220323,2022-02-15,2022-03-23,36,123.0,4,10x2,True,PENDING,2026-09-21T23:30:58.596489+00:00,1,20260921T233028Z
delhi_ncr_sbas_a27_v1_prod_20220227_20220311,8c785f33-31b9-49fc-bc20-3f1b8c2aa4a2,20220227_20220311,2022-02-27,2022-03-11,12,26.0,4,10x2,True,PENDING,2026-09-21T23:30:59.316195+00:00,1,20260921T233028Z
delhi_ncr_sbas_a27_v1_prod_20220227_20220323,8d2951a3-5ef3-4856-b883-bceb79a8dad4,20220227_20220323,2022-02-27,2022-03-23,24,110.0,4,10x2,True,PENDING,2026-09-21T23:31:00.272942+00:00,1,20260921T233028Z
delhi_ncr_sbas_a27_v1_prod_20220227_20220404,24e64c79-e883-4beb-b190-e93cb771d70e,20220227_20220404,2022-02-27,2022-04-04,36,52.0,4,10x2,True,PENDING,2026-09-21T23:31:00.958021+00:00,1,20260921T233028Z
delhi_ncr_sbas_a27_v1_prod_20220311_20220323,38202177-8fd5-4ca5-8855-cefe66abe40a,20220311_20220323,2022-03-11,2022-03-23,12,84.0,4,10x2,True,PENDING,2026-09-21T23:31:01.669481+00:00,1,20260921T233028Z
delhi_ncr_sbas_a27_v1_prod_20220311_20220404,1f8b32aa-74f1-411e-a975-c4636b8c4513,20220311_20220404,2022-03-11,2022-04-04,24,26.0,4,10x2,True,PENDING,2026-09-21T23:31:04.640503+00:00,2,20260921T233028Z
delhi_ncr_sbas_a27_v1_prod_20220311_20220416,846e40d5-55d4-4231-bd23-ca107038e25c,20220311_20220416,2022-03-11,2022-04-16,36,6.0,4,10x2,True,PENDING,2026-09-21T23:31:05.331691+00:00,2,20260921T233028Z
delhi_ncr_sbas_a27_v1_prod_20220323_20220404,429957c9-5b39-4c9a-91e8-dc0e5423233e,20220323_20220404,2022-03-23,2022-04-04,12,59.0,4,10x2,True,PENDING,2026-09-21T23:31:06.018016+00:00,2,20260921T233028Z
delhi_ncr_sbas_a27_v1_prod_20220323_20220416,a2be77d8-09ae-4f0a-aa0b-3d7d94fbaa9d,20220323_20220416,2022-03-23,2022-04-16,24,89.0,4,10x2,True,PENDING,2026-09-21T23:31:06.999282+00:00,2,20260921T233028Z
delhi_ncr_sbas_a27_v1_prod_20220323_20220428,395af071-9a59-4efd-bae8-a3a8750686dd,20220323_20220428,2022-03-23,2022-04-28,36,34.0,4,10x2,True,PENDING,2026-09-21T23:31:07.685240+00:00,2,20260921T233028Z
delhi_ncr_sbas_a27_v1_prod_20220404_20220416,9148526e-6268-404a-8a8d-4bd4f05e3f79,20220404_20220416,2022-04-04,2022-04-16,12,31.0,4,10x2,True,PENDING,2026-09-21T23:31:08.387800+00:00,2,20260921T233028Z
delhi_ncr_sbas_a27_v1_prod_20220404_20220428,66fc7c30-1bf5-4c8f-9793-fb81a6e21613,20220404_20220428,2022-04-04,2022-04-28,24,25.0,4,10x2,True,PENDING,2026-09-21T23:31:09.146726+00:00,2,20260921T233028Z
delhi_ncr_sbas_a27_v1_prod_20220404_20220510,a2c80dc7-2a66-46e0-bf58-eaefe3296a9e,20220404_20220510,2022-04-04,2022-05-10,36,34.0,4,10x2,True,PENDING,2026-09-21T23:31:09.864502+00:00,2,20260921T233028Z
delhi_ncr_sbas_a27_v1_prod_20220416_20220428,d69a6813-08c2-4069-b87e-ddb8ea6393a6,20220416_20220428,2022-04-16,2022-04-28,12,56.0,4,10x2,True,PENDING,2026-09-21T23:31:10.580685+00:00,2,20260921T233028Z
delhi_ncr_sbas_a27_v1_prod_20220416_20220510,aef598fd-172c-4990-bc97-e18b5765a206,20220416_20220510,2022-04-16,2022-05-10,24,7.0,4,10x2,True,PENDING,2026-09-21T23:31:11.297746+00:00,2,20260921T233028Z
delhi_ncr_sbas_a27_v1_prod_20220416_20220522,0b50e824-e2fd-4985-83cc-40cc4f81b693,20220416_20220522,2022-04-16,2022-05-22,36,27.0,4,10x2,True,PENDING,2026-09-21T23:31:11.998704+00:00,2,20260921T233028Z
delhi_ncr_sbas_a27_v1_prod_20220428_20220510,1f53f669-f233-44f8-ab9a-45055dd21ea4,20220428_20220510,2022-04-28,2022-05-10,12,59.0,4,10x2,True,PENDING,2026-09-21T23:31:12.731192+00:00,2,20260921T233028Z
delhi_ncr_sbas_a27_v1_prod_20220428_20220522,c3925e47-259d-4561-b0af-ef4f457b2afc,20220428_20220522,2022-04-28,2022-05-22,24,83.0,4,10x2,True,PENDING,2026-09-21T23:31:13.447903+00:00,2,20260921T233028Z
delhi_ncr_sbas_a27_v1_prod_20220428_20220603,6674641f-d5c4-46bc-909d-6cb8c98303bc,20220428_20220603,2022-04-28,2022-06-03,36,30.0,4,10x2,True,PENDING,2026-09-21T23:31:14.453647+00:00,2,20260921T233028Z
delhi_ncr_sbas_a27_v1_prod_20220510_20220522,b0e412f5-373a-46fe-a5b2-b58a2839d647,20220510_20220522,2022-05-10,2022-05-22,12,24.0,4,10x2,True,PENDING,2026-09-21T23:31:15.188872+00:00,2,20260921T233028Z
delhi_ncr_sbas_a27_v1_prod_20220510_20220603,64fa7a99-9982-45cf-9c04-9e7c4423c7fd,20220510_20220603,2022-05-10,2022-06-03,24,87.0,4,10x2,True,PENDING,2026-09-21T23:31:16.267343+00:00,2,20260921T233028Z
delhi_ncr_sbas_a27_v1_prod_20220510_20220615,1ea32d2d-5de7-4cfa-bd50-83e35950742f,20220510_20220615,2022-05-10,2022-06-15,36,94.0,4,10x2,True,PENDING,2026-09-21T23:31:17.240622+00:00,2,20260921T233028Z
delhi_ncr_sbas_a27_v1_prod_20220522_20220603,af496a73-4082-4e9f-bf08-1099b1cad984,20220522_20220603,2022-05-22,2022-06-03,12,106.0,4,10x2,True,PENDING,2026-09-21T23:31:18.259352+00:00,2,20260921T233028Z
delhi_ncr_sbas_a27_v1_prod_20220522_20220615,a08a3906-ddda-4080-ab57-3ed02964cdaf,20220522_20220615,2022-05-22,2022-06-15,24,74.0,4,10x2,True,PENDING,2026-09-21T23:31:19.259710+00:00,2,20260921T233028Z
delhi_ncr_sbas_a27_v1_prod_20220522_20220627,e8905df8-eb73-4993-8070-9a91f609afc8,20220522_20220627,2022-05-22,2022-06-27,36,49.0,4,10x2,True,PENDING,2026-09-21T23:31:20.230355+00:00,2,20260921T233028Z
delhi_ncr_sbas_a27_v1_prod_20220603_20220615,e4f3947c-1431-418d-8ce6-543bf015304f,20220603_20220615,2022-06-03,2022-06-15,12,180.0,4,10x2,True,PENDING,2026-09-21T23:31:21.188889+00:00,2,20260921T233028Z
delhi_ncr_sbas_a27_v1_prod_20220603_20220627,2d78a11b-afc8-4422-b778-386313d61061,20220603_20220627,2022-06-03,2022-06-27,24,64.0,4,10x2,True,PENDING,2026-09-21T23:31:22.255117+00:00,2,20260921T233028Z
delhi_ncr_sbas_a27_v1_prod_20220603_20220709,886b206b-cc42-4313-818c-8aacefd3f9bc,20220603_20220709,2022-06-03,2022-07-09,36,16.0,4,10x2,True,PENDING,2026-09-21T23:31:23.076063+00:00,2,20260921T233028Z
delhi_ncr_sbas_a27_v1_prod_20220615_20220627,ef34bfaf-df92-4017-a734-f2bc885424f8,20220615_20220627,2022-06-15,2022-06-27,12,116.0,4,10x2,True,PENDING,2026-09-21T23:31:24.099902+00:00,2,20260921T233028Z
delhi_ncr_sbas_a27_v1_prod_20220615_20220709,95164804-4851-416a-a1c1-4d4468acb2b8,20220615_20220709,2022-06-15,2022-07-09,24,165.0,4,10x2,True,PENDING,2026-09-21T23:31:25.113924+00:00,2,20260921T233028Z
delhi_ncr_sbas_a27_v1_prod_20220615_20220721,ab56a827-1735-4873-8c12-f706fd0fe791,20220615_20220721,2022-06-15,2022-07-21,36,154.0,4,10x2,True,PENDING,2026-09-21T23:31:26.114985+00:00,2,20260921T233028Z
delhi_ncr_sbas_a27_v1_prod_20220627_20220709,14c7f78b-ad71-47f7-9b87-03905ae8e2f3,20220627_20220709,2022-06-27,2022-07-09,12,49.0,4,10x2,True,PENDING,2026-09-21T23:31:27.170961+00:00,2,20260921T233028Z
delhi_ncr_sbas_a27_v1_prod_20220627_20220721,0f70ac26-8cd4-48b8-9993-16b0503bbe70,20220627_20220721,2022-06-27,2022-07-21,24,38.0,4,10x2,True,PENDING,2026-09-21T23:31:28.144078+00:00,2,20260921T233028Z
delhi_ncr_sbas_a27_v1_prod_20220627_20220802,2eb985c2-6272-4d06-a0fb-be7c9aabc5ac,20220627_20220802,2022-06-27,2022-08-02,36,26.0,4,10x2,True,PENDING,2026-09-21T23:31:29.219147+00:00,2,20260921T233028Z
delhi_ncr_sbas_a27_v1_prod_20220709_20220721,1496de42-8349-4a5d-8496-9c4501cf13d5,20220709_20220721,2022-07-09,2022-07-21,12,15.0,4,10x2,True,PENDING,2026-09-21T23:31:30.243475+00:00,2,20260921T233028Z
delhi_ncr_sbas_a27_v1_prod_20220709_20220802,899b4187-e7f3-4580-9276-94aa61c2adb0,20220709_20220802,2022-07-09,2022-08-02,24,23.0,4,10x2,True,PENDING,2026-09-21T23:31:31.229814+00:00,2,20260921T233028Z
delhi_ncr_sbas_a27_v1_prod_20220709_20220814,592b86c5-111a-4f8b-8be8-2d66cbd15efb,20220709_20220814,2022-07-09,2022-08-14,36,72.0,4,10x2,True,PENDING,2026-09-21T23:31:32.273891+00:00,2,20260921T233028Z
delhi_ncr_sbas_a27_v1_prod_20220721_20220802,128e1fca-d7bc-4896-aa5e-5ab747e7cde2,20220721_20220802,2022-07-21,2022-08-02,12,12.0,4,10x2,True,PENDING,2026-09-21T23:31:33.019232+00:00,2,20260921T233028Z
delhi_ncr_sbas_a27_v1_prod_20220721_20220814,6af62e4f-7fd0-4351-87bb-bf7cd6ed57d9,20220721_20220814,2022-07-21,2022-08-14,24,61.0,4,10x2,True,PENDING,2026-09-21T23:31:33.974451+00:00,2,20260921T233028Z
delhi_ncr_sbas_a27_v1_prod_20220721_20220826,8d9ae5ea-43ff-4399-9aa6-03bceac4b05f,20220721_20220826,2022-07-21,2022-08-26,36,107.0,4,10x2,True,PENDING,2026-09-21T23:31:34.953634+00:00,2,20260921T233028Z
delhi_ncr_sbas_a27_v1_prod_20220802_20220814,a5bc94e9-aa93-4528-93db-054f2a0f5026,20220802_20220814,2022-08-02,2022-08-14,12,50.0,4,10x2,True,PENDING,2026-09-21T23:31:36.080719+00:00,2,20260921T233028Z
delhi_ncr_sbas_a27_v1_prod_20220802_20220826,979d6866-740e-4f78-ae19-af6bad780fb5,20220802_20220826,2022-08-02,2022-08-26,24,100.0,4,10x2,True,PENDING,2026-09-21T23:31:37.090871+00:00,2,20260921T233028Z
delhi_ncr_sbas_a27_v1_prod_20220802_20220907,6aa6ebc3-ccc7-4e5e-91f7-4538e954d668,20220802_20220907,2022-08-02,2022-09-07,36,111.0,4,10x2,True,PENDING,2026-09-21T23:31:38.127211+00:00,2,20260921T233028Z
delhi_ncr_sbas_a27_v1_prod_20220814_20220826,9a53a73f-ee68-4d45-893e-5acc1662d91d,20220814_20220826,2022-08-14,2022-08-26,12,51.0,4,10x2,True,PENDING,2026-09-21T23:31:39.151880+00:00,2,20260921T233028Z
delhi_ncr_sbas_a27_v1_prod_20220814_20220907,3221d07e-4a37-4cd6-9ee3-264991ba2e90,20220814_20220907,2022-08-14,2022-09-07,24,160.0,4,10x2,True,PENDING,2026-09-21T23:31:39.870281+00:00,2,20260921T233028Z
delhi_ncr_sbas_a27_v1_prod_20220814_20220919,422d9b44-fd5c-4805-a529-31cb2ffb1a88,20220814_20220919,2022-08-14,2022-09-19,36,88.0,4,10x2,True,PENDING,2026-09-21T23:31:43.201376+00:00,3,20260921T233028Z
delhi_ncr_sbas_a27_v1_prod_20220826_20220907,a83e8e83-5d61-4aef-9043-a5a4f4408885,20220826_20220907,2022-08-26,2022-09-07,12,211.0,4,10x2,True,PENDING,2026-09-21T23:31:43.966346+00:00,3,20260921T233028Z
delhi_ncr_sbas_a27_v1_prod_20220826_20220919,0bd1d9dd-25d3-4a97-bc0e-e58c5d417ba6,20220826_20220919,2022-08-26,2022-09-19,24,43.0,4,10x2,True,PENDING,2026-09-21T23:31:44.886667+00:00,3,20260921T233028Z
delhi_ncr_sbas_a27_v1_prod_20220826_20221001,085c0dcc-7c89-4194-8c16-b5abcc7e69d3,20220826_20221001,2022-08-26,2022-10-01,36,142.0,4,10x2,True,PENDING,2026-09-21T23:31:45.911168+00:00,3,20260921T233028Z
delhi_ncr_sbas_a27_v1_prod_20220907_20220919,aa6ff626-4237-48da-9aa2-96872a631440,20220907_20220919,2022-09-07,2022-09-19,12,248.0,4,10x2,True,PENDING,2026-09-21T23:31:46.628913+00:00,3,20260921T233028Z
delhi_ncr_sbas_a27_v1_prod_20220907_20221001,6919f9f5-a684-49c1-b0ed-458da274fe88,20220907_20221001,2022-09-07,2022-10-01,24,70.0,4,10x2,True,PENDING,2026-09-21T23:31:47.344616+00:00,3,20260921T233028Z
delhi_ncr_sbas_a27_v1_prod_20220919_20221001,b2efad06-6164-4274-aad0-c9d2b9dc94ba,20220919_20221001,2022-09-19,2022-10-01,12,181.0,4,10x2,True,PENDING,2026-09-21T23:31:48.341029+00:00,3,20260921T233028Z
delhi_ncr_sbas_a27_v1_prod_20220919_20221013,ac4a62e1-6910-423c-a85e-080946b0ce4a,20220919_20221013,2022-09-19,2022-10-13,24,12.0,4,10x2,True,PENDING,2026-09-21T23:31:49.400090+00:00,3,20260921T233028Z
delhi_ncr_sbas_a27_v1_prod_20220919_20221025,433db9c1-9cf9-4715-bbb3-d6ce3b7fb76b,20220919_20221025,2022-09-19,2022-10-25,36,52.0,4,10x2,True,PENDING,2026-09-21T23:31:50.108971+00:00,3,20260921T233028Z
delhi_ncr_sbas_a27_v1_prod_20221001_20221013,5c5b7679-9021-448d-9e05-24a411e01876,20221001_20221013,2022-10-01,2022-10-13,12,190.0,4,10x2,True,PENDING,2026-09-21T23:31:51.133463+00:00,3,20260921T233028Z
delhi_ncr_sbas_a27_v1_prod_20221001_20221025,f7069d9b-c03e-4a5b-884c-71b1d61a2199,20221001_20221025,2022-10-01,2022-10-25,24,131.0,4,10x2,True,PENDING,2026-09-21T23:31:51.850805+00:00,3,20260921T233028Z
delhi_ncr_sbas_a27_v1_prod_20221001_20221106,a716ebc4-835a-42bd-833e-fe8a80639055,20221001_20221106,2022-10-01,2022-11-06,36,197.0,4,10x2,True,PENDING,2026-09-21T23:31:52.899993+00:00,3,20260921T233028Z
delhi_ncr_sbas_a27_v1_prod_20221013_20221025,2e1f02ec-adb0-4edd-bc41-043e7106bcca,20221013_20221025,2022-10-13,2022-10-25,12,61.0,4,10x2,True,PENDING,2026-09-21T23:31:53.601441+00:00,3,20260921T233028Z
delhi_ncr_sbas_a27_v1_prod_20221013_20221106,1c0ff349-d764-4acc-953a-10d39284d1a8,20221013_20221106,2022-10-13,2022-11-06,24,7.0,4,10x2,True,PENDING,2026-09-21T23:31:55.230055+00:00,3,20260921T233028Z
delhi_ncr_sbas_a27_v1_prod_20221013_20221118,9f74cb1d-a12e-45c7-9f47-be2e4545b39f,20221013_20221118,2022-10-13,2022-11-18,36,119.0,4,10x2,True,PENDING,2026-09-21T23:31:56.868219+00:00,3,20260921T233028Z
delhi_ncr_sbas_a27_v1_prod_20221025_20221106,33b9fede-86a1-4017-8a45-90d72ea6ecc9,20221025_20221106,2022-10-25,2022-11-06,12,67.0,4,10x2,True,PENDING,2026-09-21T23:31:57.685888+00:00,3,20260921T233028Z
delhi_ncr_sbas_a27_v1_prod_20221025_20221118,1837de99-bf54-4617-9d1a-e6854570935a,20221025_20221118,2022-10-25,2022-11-18,24,58.0,4,10x2,True,PENDING,2026-09-21T23:31:58.354675+00:00,3,20260921T233028Z
delhi_ncr_sbas_a27_v1_prod_20221025_20221130,7ca1cb0f-a21f-466d-98d4-08e65b665c52,20221025_20221130,2022-10-25,2022-11-30,36,36.0,4,10x2,True,PENDING,2026-09-21T23:31:59.120610+00:00,3,20260921T233028Z
delhi_ncr_sbas_a27_v1_prod_20221106_20221118,dc85a7ff-2f18-4aa3-8da3-d3f3e3832407,20221106_20221118,2022-11-06,2022-11-18,12,125.0,4,10x2,True,PENDING,2026-09-21T23:31:59.795886+00:00,3,20260921T233028Z
delhi_ncr_sbas_a27_v1_prod_20221106_20221130,c2ad9b44-bce1-4506-bb1c-82edcea40430,20221106_20221130,2022-11-06,2022-11-30,24,99.0,4,10x2,True,PENDING,2026-09-21T23:32:00.861666+00:00,3,20260921T233028Z
delhi_ncr_sbas_a27_v1_prod_20221106_20221212,6f1954ba-6ae3-4d08-8b84-0a63259be3ef,20221106_20221212,2022-11-06,2022-12-12,36,131.0,4,10x2,True,PENDING,2026-09-21T23:32:01.577787+00:00,3,20260921T233028Z
delhi_ncr_sbas_a27_v1_prod_20221118_20221130,bcbd2d49-c7b7-4d2f-811c-02691f3effae,20221118_20221130,2022-11-18,2022-11-30,12,27.0,4,10x2,True,PENDING,2026-09-21T23:32:02.602145+00:00,3,20260921T233028Z
delhi_ncr_sbas_a27_v1_prod_20221118_20221212,ad8c442b-dc2c-4255-baf7-bdfb26e9e50a,20221118_20221212,2022-11-18,2022-12-12,24,7.0,4,10x2,True,PENDING,2026-09-21T23:32:03.350302+00:00,3,20260921T233028Z
delhi_ncr_sbas_a27_v1_prod_20221118_20221224,07dc5760-32a1-4a2f-96ed-f4390701375b,20221118_20221224,2022-11-18,2022-12-24,36,82.0,4,10x2,True,PENDING,2026-09-21T23:32:04.144772+00:00,3,20260921T233028Z
delhi_ncr_sbas_a27_v1_prod_20221130_20221212,a0fa3d84-8f06-4c59-98e2-1e611ae11a36,20221130_20221212,2022-11-30,2022-12-12,12,33.0,4,10x2,True,PENDING,2026-09-21T23:32:05.211722+00:00,3,20260921T233028Z
delhi_ncr_sbas_a27_v1_prod_20221130_20221224,19ab6141-1d53-4628-a591-606462ea619a,20221130_20221224,2022-11-30,2022-12-24,24,57.0,4,10x2,True,PENDING,2026-09-21T23:32:05.982077+00:00,3,20260921T233028Z
delhi_ncr_sbas_a27_v1_prod_20221130_20230105,1512b5a7-20ac-4839-93e0-795b3a25dd4d,20221130_20230105,2022-11-30,2023-01-05,36,114.0,4,10x2,True,PENDING,2026-09-21T23:32:06.676403+00:00,3,20260921T233028Z
delhi_ncr_sbas_a27_v1_prod_20221212_20221224,aa797e6d-624b-4273-94d9-861170e72925,20221212_20221224,2022-12-12,2022-12-24,12,88.0,4,10x2,True,PENDING,2026-09-21T23:32:07.351560+00:00,3,20260921T233028Z
delhi_ncr_sbas_a27_v1_prod_20221212_20230105,e77a7a06-2861-456b-8288-a0cc60c4f214,20221212_20230105,2022-12-12,2023-01-05,24,140.0,4,10x2,True,PENDING,2026-09-21T23:32:08.052372+00:00,3,20260921T233028Z
delhi_ncr_sbas_a27_v1_prod_20221212_20230117,2986fd98-5299-45c5-9387-6c41c4b72814,20221212_20230117,2022-12-12,2023-01-17,36,233.0,4,10x2,True,PENDING,2026-09-21T23:32:08.848706+00:00,3,20260921T233028Z
delhi_ncr_sbas_a27_v1_prod_20221224_20230105,c4e04fbc-2c8e-44f1-a38e-365d06f13aa4,20221224_20230105,2022-12-24,2023-01-05,12,58.0,4,10x2,True,PENDING,2026-09-21T23:32:09.565372+00:00,3,20260921T233028Z
delhi_ncr_sbas_a27_v1_prod_20221224_20230117,fc6fb9eb-f7e2-4d0c-a0e6-d648612029ef,20221224_20230117,2022-12-24,2023-01-17,24,150.0,4,10x2,True,PENDING,2026-09-21T23:32:10.278915+00:00,3,20260921T233028Z
delhi_ncr_sbas_a27_v1_prod_20221224_20230129,643261ff-c3d7-423d-8627-c66dbd0c773f,20221224_20230129,2022-12-24,2023-01-29,36,115.0,4,10x2,True,PENDING,2026-09-21T23:32:11.283551+00:00,3,20260921T233028Z
delhi_ncr_sbas_a27_v1_prod_20230105_20230117,b52eddef-d881-4573-a82d-a87469c7f434,20230105_20230117,2023-01-05,2023-01-17,12,93.0,4,10x2,True,PENDING,2026-09-21T23:32:12.023667+00:00,3,20260921T233028Z
delhi_ncr_sbas_a27_v1_prod_20230105_20230129,17728bbe-bd7d-443d-9689-9f3619fabb16,20230105_20230129,2023-01-05,2023-01-29,24,167.0,4,10x2,True,PENDING,2026-09-21T23:32:12.706686+00:00,3,20260921T233028Z
delhi_ncr_sbas_a27_v1_prod_20230105_20230210,b56092d0-ca93-4f81-a88f-60fda70c43f8,20230105_20230210,2023-01-05,2023-02-10,36,62.0,4,10x2,True,PENDING,2026-09-21T23:32:13.455683+00:00,3,20260921T233028Z
delhi_ncr_sbas_a27_v1_prod_20230117_20230210,39ba9e03-16f7-4aee-9009-dbb735a93b05,20230117_20230210,2023-01-17,2023-02-10,24,154.0,4,10x2,True,PENDING,2026-09-21T23:32:14.275861+00:00,3,20260921T233028Z
delhi_ncr_sbas_a27_v1_prod_20230117_20230222,74adeeb9-1d2c-48c3-819a-2afe09098628,20230117_20230222,2023-01-17,2023-02-22,36,38.0,4,10x2,True,PENDING,2026-09-21T23:32:14.992488+00:00,3,20260921T233028Z
delhi_ncr_sbas_a27_v1_prod_20230129_20230210,8fcf25c1-d52d-4ff2-843d-b63669e38f51,20230129_20230210,2023-01-29,2023-02-10,12,111.0,4,10x2,True,PENDING,2026-09-21T23:32:15.709407+00:00,3,20260921T233028Z
delhi_ncr_sbas_a27_v1_prod_20230129_20230222,27456499-f420-41ce-b87e-03d10345709f,20230129_20230222,2023-01-29,2023-02-22,24,222.0,4,10x2,True,PENDING,2026-09-21T23:32:16.689409+00:00,3,20260921T233028Z
delhi_ncr_sbas_a27_v1_prod_20230129_20230306,78efd471-4861-43d6-b461-7d6ba4a9af33,20230129_20230306,2023-01-29,2023-03-06,36,71.0,4,10x2,True,PENDING,2026-09-21T23:32:20.529961+00:00,4,20260921T233028Z
delhi_ncr_sbas_a27_v1_prod_20230210_20230222,774afb3a-4ff4-476a-ac21-6af946e4f87f,20230210_20230222,2023-02-10,2023-02-22,12,116.0,4,10x2,True,PENDING,2026-09-21T23:32:21.531448+00:00,4,20260921T233028Z
delhi_ncr_sbas_a27_v1_prod_20230210_20230306,b712efb2-3b4d-478a-af23-d2608b4e4df3,20230210_20230306,2023-02-10,2023-03-06,24,40.0,4,10x2,True,PENDING,2026-09-21T23:32:22.385369+00:00,4,20260921T233028Z
delhi_ncr_sbas_a27_v1_prod_20230210_20230318,ddbac497-00c1-4ce2-8770-a48f9956c98d,20230210_20230318,2023-02-10,2023-03-18,36,35.0,4,10x2,True,PENDING,2026-09-21T23:32:23.329444+00:00,4,20260921T233028Z
delhi_ncr_sbas_a27_v1_prod_20230222_20230306,54852a05-a76a-45e6-8ea5-231faba37494,20230222_20230306,2023-02-22,2023-03-06,12,156.0,4,10x2,True,PENDING,2026-09-21T23:32:24.334507+00:00,4,20260921T233028Z
delhi_ncr_sbas_a27_v1_prod_20230222_20230318,1b29b450-4726-47aa-8092-f19a9e11b048,20230222_20230318,2023-02-22,2023-03-18,24,81.0,4,10x2,True,PENDING,2026-09-21T23:32:25.130183+00:00,4,20260921T233028Z
delhi_ncr_sbas_a27_v1_prod_20230222_20230330,83d41274-4a3b-4b7b-9940-ae2ae8171b9c,20230222_20230330,2023-02-22,2023-03-30,36,118.0,4,10x2,True,PENDING,2026-09-21T23:32:25.949460+00:00,4,20260921T233028Z
delhi_ncr_sbas_a27_v1_prod_20230306_20230318,d9425b65-5f24-4043-9bbd-580afcbea9d7,20230306_20230318,2023-03-06,2023-03-18,12,75.0,4,10x2,True,PENDING,2026-09-21T23:32:27.075373+00:00,4,20260921T233028Z
delhi_ncr_sbas_a27_v1_prod_20230306_20230330,3922703e-bcde-44e0-aaa6-e5292380f091,20230306_20230330,2023-03-06,2023-03-30,24,38.0,4,10x2,True,PENDING,2026-09-21T23:32:27.896096+00:00,4,20260921T233028Z
delhi_ncr_sbas_a27_v1_prod_20230306_20230411,7d4911fe-51ad-4691-b82f-81eba6eea04c,20230306_20230411,2023-03-06,2023-04-11,36,86.0,4,10x2,True,PENDING,2026-09-21T23:32:28.611369+00:00,4,20260921T233028Z
delhi_ncr_sbas_a27_v1_prod_20230318_20230330,cd03362e-38ee-49f4-9b27-8fcf7940abce,20230318_20230330,2023-03-18,2023-03-30,12,40.0,4,10x2,True,PENDING,2026-09-21T23:32:29.607099+00:00,4,20260921T233028Z
delhi_ncr_sbas_a27_v1_prod_20230318_20230411,ce620f54-8fc6-4c51-a58c-ccef341f8c05,20230318_20230411,2023-03-18,2023-04-11,24,161.0,4,10x2,True,PENDING,2026-09-21T23:32:30.297016+00:00,4,20260921T233028Z
delhi_ncr_sbas_a27_v1_prod_20230318_20230423,52b26194-e173-45b9-bafe-22404aea2c89,20230318_20230423,2023-03-18,2023-04-23,36,74.0,4,10x2,True,PENDING,2026-09-21T23:32:31.280166+00:00,4,20260921T233028Z
delhi_ncr_sbas_a27_v1_prod_20230330_20230411,4114f2e8-33e0-44e1-b994-298f71aa5313,20230330_20230411,2023-03-30,2023-04-11,12,121.0,4,10x2,True,PENDING,2026-09-21T23:32:31.991077+00:00,4,20260921T233028Z
delhi_ncr_sbas_a27_v1_prod_20230330_20230423,8301e2d5-8dc9-45de-999f-3384fb6b639d,20230330_20230423,2023-03-30,2023-04-23,24,37.0,4,10x2,True,PENDING,2026-09-21T23:32:33.219262+00:00,4,20260921T233028Z
delhi_ncr_sbas_a27_v1_prod_20230330_20230505,43cc1047-1ef4-4c7f-ab64-817a5fc594a6,20230330_20230505,2023-03-30,2023-05-05,36,88.0,4,10x2,True,PENDING,2026-09-21T23:32:34.243855+00:00,4,20260921T233028Z
delhi_ncr_sbas_a27_v1_prod_20230411_20230423,242c948d-bcfd-4c0d-b398-3afac42bcf97,20230411_20230423,2023-04-11,2023-04-23,12,87.0,4,10x2,True,PENDING,2026-09-21T23:32:34.961015+00:00,4,20260921T233028Z
delhi_ncr_sbas_a27_v1_prod_20230411_20230505,b7791096-7cae-41fe-b854-9bb93c6e2357,20230411_20230505,2023-04-11,2023-05-05,24,34.0,4,10x2,True,PENDING,2026-09-21T23:32:35.676565+00:00,4,20260921T233028Z
delhi_ncr_sbas_a27_v1_prod_20230411_20230517,1fffd005-ac48-4ebf-8613-54b7d07dd215,20230411_20230517,2023-04-11,2023-05-17,36,11.0,4,10x2,True,PENDING,2026-09-21T23:32:36.701461+00:00,4,20260921T233028Z
delhi_ncr_sbas_a27_v1_prod_20230423_20230505,da8d796e-1cd3-42e9-b95e-cecc108d0935,20230423_20230505,2023-04-23,2023-05-05,12,54.0,4,10x2,True,PENDING,2026-09-21T23:32:37.399803+00:00,4,20260921T233028Z
delhi_ncr_sbas_a27_v1_prod_20230423_20230517,d71c818c-974e-459c-a6b5-24c5cfe0f61b,20230423_20230517,2023-04-23,2023-05-17,24,76.0,4,10x2,True,PENDING,2026-09-21T23:32:38.134276+00:00,4,20260921T233028Z
delhi_ncr_sbas_a27_v1_prod_20230423_20230529,8b01cef0-6b56-408a-847d-b48a5f1e85f4,20230423_20230529,2023-04-23,2023-05-29,36,87.0,4,10x2,True,PENDING,2026-09-21T23:32:38.852025+00:00,4,20260921T233028Z
delhi_ncr_sbas_a27_v1_prod_20230505_20230517,6b951556-513c-4139-86d5-188d84574cce,20230505_20230517,2023-05-05,2023-05-17,12,25.0,4,10x2,True,PENDING,2026-09-21T23:32:39.810883+00:00,4,20260921T233028Z
delhi_ncr_sbas_a27_v1_prod_20230505_20230529,2daca539-dfe6-4772-b79a-5c0836bc6128,20230505_20230529,2023-05-05,2023-05-29,24,39.0,4,10x2,True,PENDING,2026-09-21T23:32:40.900391+00:00,4,20260921T233028Z
delhi_ncr_sbas_a27_v1_prod_20230505_20230610,fea79c57-ba2e-41ba-b35b-689b5b5e57fd,20230505_20230610,2023-05-05,2023-06-10,36,72.0,4,10x2,True,PENDING,2026-09-21T23:32:41.595067+00:00,4,20260921T233028Z
delhi_ncr_sbas_a27_v1_prod_20230517_20230529,30c41be1-be3e-42ab-a677-0a9c070920ce,20230517_20230529,2023-05-17,2023-05-29,12,15.0,4,10x2,True,PENDING,2026-09-21T23:32:42.640378+00:00,4,20260921T233028Z
delhi_ncr_sbas_a27_v1_prod_20230517_20230610,b70e84ed-cbfe-4311-84cb-78a7d58576d9,20230517_20230610,2023-05-17,2023-06-10,24,94.0,4,10x2,True,PENDING,2026-09-21T23:32:43.314747+00:00,4,20260921T233028Z
delhi_ncr_sbas_a27_v1_prod_20230517_20230622,98cc55a1-db17-4d4b-b672-c92390622f5f,20230517_20230622,2023-05-17,2023-06-22,36,176.0,4,10x2,True,PENDING,2026-09-21T23:32:43.973097+00:00,4,20260921T233028Z
delhi_ncr_sbas_a27_v1_prod_20230529_20230610,1804a3dc-da2e-4619-a336-b16926949c6b,20230529_20230610,2023-05-29,2023-06-10,12,108.0,4,10x2,True,PENDING,2026-09-21T23:32:44.791731+00:00,4,20260921T233028Z
delhi_ncr_sbas_a27_v1_prod_20230529_20230622,9ad66f8c-62c7-470f-aa7d-f5a9c354407c,20230529_20230622,2023-05-29,2023-06-22,24,187.0,4,10x2,True,PENDING,2026-09-21T23:32:45.610435+00:00,4,20260921T233028Z
delhi_ncr_sbas_a27_v1_prod_20230529_20230704,795362a4-54dd-4a9e-a324-0cd15220ab68,20230529_20230704,2023-05-29,2023-07-04,36,101.0,4,10x2,True,PENDING,2026-09-21T23:32:46.321619+00:00,4,20260921T233028Z
delhi_ncr_sbas_a27_v1_prod_20230610_20230622,30f872b2-c8a0-49ba-b26e-e7468f91d8aa,20230610_20230622,2023-06-10,2023-06-22,12,82.0,4,10x2,True,PENDING,2026-09-21T23:32:47.045321+00:00,4,20260921T233028Z
delhi_ncr_sbas_a27_v1_prod_20230610_20230704,726ccf92-4ea2-4519-b213-6dfe531286ee,20230610_20230704,2023-06-10,2023-07-04,24,7.0,4,10x2,True,PENDING,2026-09-21T23:32:47.863504+00:00,4,20260921T233028Z
delhi_ncr_sbas_a27_v1_prod_20230610_20230716,2ade7fd4-56e1-47bb-8f24-9c3e9fd40647,20230610_20230716,2023-06-10,2023-07-16,36,104.0,4,10x2,True,PENDING,2026-09-21T23:32:48.579486+00:00,4,20260921T233028Z
delhi_ncr_sbas_a27_v1_prod_20230622_20230704,ad588b56-986b-4bfc-a4ae-f4f48e99d03a,20230622_20230704,2023-06-22,2023-07-04,12,86.0,4,10x2,True,PENDING,2026-09-21T23:32:49.285141+00:00,4,20260921T233028Z
delhi_ncr_sbas_a27_v1_prod_20230622_20230716,c9cd606d-1b65-452c-a35c-6dd0bd5456ee,20230622_20230716,2023-06-22,2023-07-16,24,186.0,4,10x2,True,PENDING,2026-09-21T23:32:50.014415+00:00,4,20260921T233028Z
delhi_ncr_sbas_a27_v1_prod_20230622_20230728,7ed7d9e0-7fba-4901-9424-8188bcd0ca5d,20230622_20230728,2023-06-22,2023-07-28,36,198.0,4,10x2,True,PENDING,2026-09-21T23:32:50.730845+00:00,4,20260921T233028Z
delhi_ncr_sbas_a27_v1_prod_20230704_20230716,a72b4316-0375-418f-98a2-2f71ca190456,20230704_20230716,2023-07-04,2023-07-16,12,100.0,4,10x2,True,PENDING,2026-09-21T23:32:51.856521+00:00,4,20260921T233028Z
delhi_ncr_sbas_a27_v1_prod_20230704_20230728,082f6d7a-738f-452a-a1a8-78cf6cc7dc51,20230704_20230728,2023-07-04,2023-07-28,24,112.0,4,10x2,True,PENDING,2026-09-21T23:32:52.573440+00:00,4,20260921T233028Z
delhi_ncr_sbas_a27_v1_prod_20230704_20230809,0dd211c2-0125-4b88-95f1-5d4a0e7ac3cd,20230704_20230809,2023-07-04,2023-08-09,36,177.0,4,10x2,True,PENDING,2026-09-21T23:32:53.280004+00:00,4,20260921T233028Z
delhi_ncr_sbas_a27_v1_prod_20230716_20230728,5314633b-3558-4fd1-a799-60a66910e8f3,20230716_20230728,2023-07-16,2023-07-28,12,14.0,4,10x2,True,PENDING,2026-09-21T23:32:56.301827+00:00,5,20260921T233028Z
delhi_ncr_sbas_a27_v1_prod_20230716_20230821,7ae6dd2c-b3c4-47d8-8aef-744c7ff7593e,20230716_20230821,2023-07-16,2023-08-21,36,140.0,4,10x2,True,PENDING,2026-09-21T23:32:57.079215+00:00,5,20260921T233028Z
delhi_ncr_sbas_a27_v1_prod_20230728_20230821,a4925d6d-6958-4df9-910e-01b94dd159d1,20230728_20230821,2023-07-28,2023-08-21,24,153.0,4,10x2,True,PENDING,2026-09-21T23:32:57.795082+00:00,5,20260921T233028Z
delhi_ncr_sbas_a27_v1_prod_20230728_20230902,8b2c008e-079e-4a5d-bbd2-4e39112e3b3d,20230728_20230902,2023-07-28,2023-09-02,36,51.0,4,10x2,True,PENDING,2026-09-21T23:32:58.513171+00:00,5,20260921T233028Z
delhi_ncr_sbas_a27_v1_prod_20230809_20230821,7a84e598-93f2-4bd0-856d-3455bb147338,20230809_20230821,2023-08-09,2023-08-21,12,136.0,4,10x2,True,PENDING,2026-09-21T23:32:59.232259+00:00,5,20260921T233028Z
delhi_ncr_sbas_a27_v1_prod_20230809_20230902,9eec937a-d6b0-4511-a138-3ce318b39ece,20230809_20230902,2023-08-09,2023-09-02,24,238.0,4,10x2,True,PENDING,2026-09-21T23:32:59.914016+00:00,5,20260921T233028Z
delhi_ncr_sbas_a27_v1_prod_20230809_20230914,0f1bd7a0-b5e3-4e2a-8c2f-2cd32aeffe78,20230809_20230914,2023-08-09,2023-09-14,36,145.0,4,10x2,True,PENDING,2026-09-21T23:33:00.570998+00:00,5,20260921T233028Z
delhi_ncr_sbas_a27_v1_prod_20230821_20230902,9284b180-47b2-4bdf-98de-862e45bb4dbd,20230821_20230902,2023-08-21,2023-09-02,12,102.0,4,10x2,True,PENDING,2026-09-21T23:33:01.281070+00:00,5,20260921T233028Z
delhi_ncr_sbas_a27_v1_prod_20230821_20230914,6a9a1738-4c8b-44b8-b7e2-3bbdf2ae0ee2,20230821_20230914,2023-08-21,2023-09-14,24,9.0,4,10x2,True,PENDING,2026-09-21T23:33:01.989647+00:00,5,20260921T233028Z
delhi_ncr_sbas_a27_v1_prod_20230821_20230926,f19eb702-6b6c-4c27-99f2-5227983b854a,20230821_20230926,2023-08-21,2023-09-26,36,155.0,4,10x2,True,PENDING,2026-09-21T23:33:02.710958+00:00,5,20260921T233028Z
delhi_ncr_sbas_a27_v1_prod_20230902_20230914,f89669fe-d09e-4495-afb7-959f83c6ce42,20230902_20230914,2023-09-02,2023-09-14,12,93.0,4,10x2,True,PENDING,2026-09-21T23:33:03.398746+00:00,5,20260921T233028Z
delhi_ncr_sbas_a27_v1_prod_20230902_20230926,78e28850-b891-4713-a822-3d4f41e5a6dc,20230902_20230926,2023-09-02,2023-09-26,24,53.0,4,10x2,True,PENDING,2026-09-21T23:33:04.114930+00:00,5,20260921T233028Z
delhi_ncr_sbas_a27_v1_prod_20230902_20231008,a7cf81f2-23a7-4484-b269-18cea1438187,20230902_20231008,2023-09-02,2023-10-08,36,14.0,4,10x2,True,PENDING,2026-09-21T23:33:04.805040+00:00,5,20260921T233028Z
delhi_ncr_sbas_a27_v1_prod_20230914_20230926,2ffd4fba-5a58-4772-bfd4-4aaa690cf1a4,20230914_20230926,2023-09-14,2023-09-26,12,146.0,4,10x2,True,PENDING,2026-09-21T23:33:05.500540+00:00,5,20260921T233028Z
delhi_ncr_sbas_a27_v1_prod_20230914_20231008,dc7120f9-dc1c-4caf-9182-b044864999d7,20230914_20231008,2023-09-14,2023-10-08,24,107.0,4,10x2,True,PENDING,2026-09-21T23:33:06.176529+00:00,5,20260921T233028Z
delhi_ncr_sbas_a27_v1_prod_20230914_20231020,325a7648-1f6a-457e-a51d-53235203685e,20230914_20231020,2023-09-14,2023-10-20,36,170.0,4,10x2,True,PENDING,2026-09-21T23:33:07.191256+00:00,5,20260921T233028Z
delhi_ncr_sbas_a27_v1_prod_20230926_20231008,602bbeb7-4b26-47a4-a484-5575550d6d30,20230926_20231008,2023-09-26,2023-10-08,12,41.0,4,10x2,True,PENDING,2026-09-21T23:33:07.937667+00:00,5,20260921T233028Z
delhi_ncr_sbas_a27_v1_prod_20230926_20231020,4e6a939a-b98b-4519-accd-e4f436e5f1af,20230926_20231020,2023-09-26,2023-10-20,24,26.0,4,10x2,True,PENDING,2026-09-21T23:33:08.639728+00:00,5,20260921T233028Z
delhi_ncr_sbas_a27_v1_prod_20230926_20231101,be621546-fca1-4912-94d9-03bb7997316e,20230926_20231101,2023-09-26,2023-11-01,36,207.0,4,10x2,True,PENDING,2026-09-21T23:33:09.325103+00:00,5,20260921T233028Z
delhi_ncr_sbas_a27_v1_prod_20231008_20231020,46e70112-1641-4880-83b4-a8bb45e972d8,20231008_20231020,2023-10-08,2023-10-20,12,66.0,4,10x2,True,PENDING,2026-09-21T23:33:10.028673+00:00,5,20260921T233028Z
delhi_ncr_sbas_a27_v1_prod_20231008_20231101,a72970ac-97b7-4d3e-b6ec-c22cf8da8b4c,20231008_20231101,2023-10-08,2023-11-01,24,168.0,4,10x2,True,PENDING,2026-09-21T23:33:10.799777+00:00,5,20260921T233028Z
delhi_ncr_sbas_a27_v1_prod_20231008_20231113,a68b34c8-ebe8-4656-bccf-b399857b1bc9,20231008_20231113,2023-10-08,2023-11-13,36,70.0,4,10x2,True,PENDING,2026-09-21T23:33:11.486157+00:00,5,20260921T233028Z
delhi_ncr_sbas_a27_v1_prod_20231020_20231101,9f1322e9-a5ed-4891-a946-8dc7f4521262,20231020_20231101,2023-10-20,2023-11-01,12,231.0,4,10x2,True,PENDING,2026-09-21T23:33:12.166377+00:00,5,20260921T233028Z
delhi_ncr_sbas_a27_v1_prod_20231020_20231113,ac2da745-3f60-4bc5-b8d4-9fe2326d4ffd,20231020_20231113,2023-10-20,2023-11-13,24,133.0,4,10x2,True,PENDING,2026-09-21T23:33:12.950727+00:00,5,20260921T233028Z
delhi_ncr_sbas_a27_v1_prod_20231101_20231113,a4553612-bcd9-4132-808a-e28da534c0f1,20231101_20231113,2023-11-01,2023-11-13,12,99.0,4,10x2,True,PENDING,2026-09-21T23:33:13.960213+00:00,5,20260921T233028Z
delhi_ncr_sbas_a27_v1_prod_20231101_20231125,14ea4232-73c9-4443-b081-d8ba83657b9b,20231101_20231125,2023-11-01,2023-11-25,24,53.0,4,10x2,True,PENDING,2026-09-21T23:33:14.652149+00:00,5,20260921T233028Z
delhi_ncr_sbas_a27_v1_prod_20231101_20231207,bf0a0f26-6d91-4ced-8f2b-5520e1bb5d17,20231101_20231207,2023-11-01,2023-12-07,36,105.0,4,10x2,True,PENDING,2026-09-21T23:33:15.424498+00:00,5,20260921T233028Z
delhi_ncr_sbas_a27_v1_prod_20231113_20231125,96c11601-3eca-450d-a2c8-00af913c6f11,20231113_20231125,2023-11-13,2023-11-25,12,151.0,4,10x2,True,PENDING,2026-09-21T23:33:16.096981+00:00,5,20260921T233028Z
delhi_ncr_sbas_a27_v1_prod_20231113_20231207,42caf336-bd8a-4341-bb83-b73a0e06ee99,20231113_20231207,2023-11-13,2023-12-07,24,7.0,4,10x2,True,PENDING,2026-09-21T23:33:16.784505+00:00,5,20260921T233028Z
delhi_ncr_sbas_a27_v1_prod_20231113_20231219,d0d363ae-8291-4717-be3b-64a04b1ec996,20231113_20231219,2023-11-13,2023-12-19,36,28.0,4,10x2,True,PENDING,2026-09-21T23:33:17.472753+00:00,5,20260921T233028Z
delhi_ncr_sbas_a27_v1_prod_20231125_20231207,42360f89-38a2-41bc-8287-63b893221372,20231125_20231207,2023-11-25,2023-12-07,12,157.0,4,10x2,True,PENDING,2026-09-21T23:33:18.472165+00:00,5,20260921T233028Z
delhi_ncr_sbas_a27_v1_prod_20231125_20231219,c78ab6cc-c590-49b5-af9f-d691afaff8b4,20231125_20231219,2023-11-25,2023-12-19,24,124.0,4,10x2,True,PENDING,2026-09-21T23:33:19.472330+00:00,5,20260921T233028Z
delhi_ncr_sbas_a27_v1_prod_20231125_20231231,cdb60795-9a0f-47b0-893a-ac7688a779f4,20231125_20231231,2023-11-25,2023-12-31,36,212.0,4,10x2,True,PENDING,2026-09-21T23:33:20.604601+00:00,5,20260921T233028Z
delhi_ncr_sbas_a27_v1_prod_20231207_20231219,056d2ae3-2781-44b1-be43-d4e04697f6c8,20231207_20231219,2023-12-07,2023-12-19,12,34.0,4,10x2,True,PENDING,2026-09-21T23:33:21.606691+00:00,5,20260921T233028Z
delhi_ncr_sbas_a27_v1_prod_20231207_20231231,35e9cf11-cc16-420a-b716-eeb576fe91e2,20231207_20231231,2023-12-07,2023-12-31,24,55.0,4,10x2,True,PENDING,2026-09-21T23:33:22.604109+00:00,5,20260921T233028Z
delhi_ncr_sbas_a27_v1_prod_20231207_20240112,03009faa-7485-4d28-bd64-440650c44b7f,20231207_20240112,2023-12-07,2024-01-12,36,49.0,4,10x2,True,PENDING,2026-09-21T23:33:23.625248+00:00,5,20260921T233028Z
delhi_ncr_sbas_a27_v1_prod_20231219_20231231,ecf569af-2905-4913-b0fb-af8925f3b4b2,20231219_20231231,2023-12-19,2023-12-31,12,89.0,4,10x2,True,PENDING,2026-09-21T23:33:24.319844+00:00,5,20260921T233028Z
delhi_ncr_sbas_a27_v1_prod_20231219_20240112,c77c8743-085e-4592-b59f-7b4bc5ac5e20,20231219_20240112,2023-12-19,2024-01-12,24,18.0,4,10x2,True,PENDING,2026-09-21T23:33:24.984940+00:00,5,20260921T233028Z
delhi_ncr_sbas_a27_v1_prod_20231219_20240124,baf35c40-5c56-496b-835f-dea224784ae1,20231219_20240124,2023-12-19,2024-01-24,36,5.0,4,10x2,True,PENDING,2026-09-21T23:33:25.709652+00:00,5,20260921T233028Z
delhi_ncr_sbas_a27_v1_prod_20231231_20240112,3ddb6c09-6a0e-42df-8c85-3bee0a683bb4,20231231_20240112,2023-12-31,2024-01-12,12,104.0,4,10x2,True,PENDING,2026-09-21T23:33:26.696253+00:00,5,20260921T233028Z
delhi_ncr_sbas_a27_v1_prod_20231231_20240124,79c92e23-6d0d-479e-aca5-e5c940ae60c1,20231231_20240124,2023-12-31,2024-01-24,24,84.0,4,10x2,True,PENDING,2026-09-21T23:33:30.258757+00:00,6,20260921T233028Z
delhi_ncr_sbas_a27_v1_prod_20231231_20240205,4422fe50-aa7f-4138-80e0-b35d5d1eb9b2,20231231_20240205,2023-12-31,2024-02-05,36,87.0,4,10x2,True,PENDING,2026-09-21T23:33:31.229712+00:00,6,20260921T233028Z
delhi_ncr_sbas_a27_v1_prod_20240112_20240124,2a449357-b008-4bac-b611-2819bf1d6c6b,20240112_20240124,2024-01-12,2024-01-24,12,20.0,4,10x2,True,PENDING,2026-09-21T23:33:32.240959+00:00,6,20260921T233028Z
delhi_ncr_sbas_a27_v1_prod_20240112_20240205,36cb90f2-f397-49ed-a385-7b6e00e5c5dc,20240112_20240205,2024-01-12,2024-02-05,24,19.0,4,10x2,True,PENDING,2026-09-21T23:33:33.021323+00:00,6,20260921T233028Z
delhi_ncr_sbas_a27_v1_prod_20240112_20240217,478156b9-6de8-4502-8ee6-95c1287323f2,20240112_20240217,2024-01-12,2024-02-17,36,88.0,4,10x2,True,PENDING,2026-09-21T23:33:33.975188+00:00,6,20260921T233028Z
delhi_ncr_sbas_a27_v1_prod_20240124_20240205,e98e72de-6a88-4f99-b62b-44511cbaf81e,20240124_20240205,2024-01-24,2024-02-05,12,3.0,4,10x2,True,PENDING,2026-09-21T23:33:34.659148+00:00,6,20260921T233028Z
delhi_ncr_sbas_a27_v1_prod_20240124_20240217,2a255608-1b7e-42db-bcc3-aead309352ba,20240124_20240217,2024-01-24,2024-02-17,24,72.0,4,10x2,True,PENDING,2026-09-21T23:33:35.329573+00:00,6,20260921T233028Z
delhi_ncr_sbas_a27_v1_prod_20240124_20240229,1cd9318f-e72b-4342-b4d3-73ad2597342b,20240124_20240229,2024-01-24,2024-02-29,36,127.0,4,10x2,True,PENDING,2026-09-21T23:33:36.093534+00:00,6,20260921T233028Z
delhi_ncr_sbas_a27_v1_prod_20240205_20240217,af73c159-973e-4c7f-9f27-fb962df6e4e1,20240205_20240217,2024-02-05,2024-02-17,12,69.0,4,10x2,True,PENDING,2026-09-21T23:33:37.117990+00:00,6,20260921T233028Z
delhi_ncr_sbas_a27_v1_prod_20240205_20240229,b6ec0d96-b5c8-423c-a44a-5c0ec65625b5,20240205_20240229,2024-02-05,2024-02-29,24,128.0,4,10x2,True,PENDING,2026-09-21T23:33:37.826575+00:00,6,20260921T233028Z
delhi_ncr_sbas_a27_v1_prod_20240205_20240312,6b311bde-5aa3-4446-bad7-74e553ef94a8,20240205_20240312,2024-02-05,2024-03-12,36,77.0,4,10x2,True,PENDING,2026-09-21T23:33:38.552282+00:00,6,20260921T233028Z
delhi_ncr_sbas_a27_v1_prod_20240217_20240229,e1082bef-655a-4329-9327-d5f861c7926f,20240217_20240229,2024-02-17,2024-02-29,12,59.0,4,10x2,True,PENDING,2026-09-21T23:33:39.575624+00:00,6,20260921T233028Z
delhi_ncr_sbas_a27_v1_prod_20240217_20240312,b56969ec-5d63-474b-955f-50e1ea7648a8,20240217_20240312,2024-02-17,2024-03-12,24,8.0,4,10x2,True,PENDING,2026-09-21T23:33:40.268651+00:00,6,20260921T233028Z
delhi_ncr_sbas_a27_v1_prod_20240217_20240324,20df6675-aad3-4b4a-8a39-a37af7b7ae53,20240217_20240324,2024-02-17,2024-03-24,36,40.0,4,10x2,True,PENDING,2026-09-21T23:33:41.008328+00:00,6,20260921T233028Z
delhi_ncr_sbas_a27_v1_prod_20240229_20240312,a6961c11-eb59-4066-81c8-f2884233b503,20240229_20240312,2024-02-29,2024-03-12,12,51.0,4,10x2,True,PENDING,2026-09-21T23:33:41.827188+00:00,6,20260921T233028Z
delhi_ncr_sbas_a27_v1_prod_20240229_20240324,4e44a29f-4e90-4efc-abe1-44904405d94c,20240229_20240324,2024-02-29,2024-03-24,24,95.0,4,10x2,True,PENDING,2026-09-21T23:33:42.647488+00:00,6,20260921T233028Z
delhi_ncr_sbas_a27_v1_prod_20240229_20240405,964ddf8f-dcf1-44ad-8ae4-34e0855d1a30,20240229_20240405,2024-02-29,2024-04-05,36,41.0,4,10x2,True,PENDING,2026-09-21T23:33:43.985802+00:00,6,20260921T233028Z
delhi_ncr_sbas_a27_v1_prod_20240312_20240324,1f00fd20-0eb4-4d02-b5d9-67ff430f22a4,20240312_20240324,2024-03-12,2024-03-24,12,47.0,4,10x2,True,PENDING,2026-09-21T23:33:44.695668+00:00,6,20260921T233028Z
delhi_ncr_sbas_a27_v1_prod_20240312_20240405,8f228fa0-0acb-4686-abac-2f24fe430b25,20240312_20240405,2024-03-12,2024-04-05,24,11.0,4,10x2,True,PENDING,2026-09-21T23:33:45.372063+00:00,6,20260921T233028Z
delhi_ncr_sbas_a27_v1_prod_20240312_20240417,00d7c016-4925-495e-9bb0-da2810665d85,20240312_20240417,2024-03-12,2024-04-17,36,48.0,4,10x2,True,PENDING,2026-09-21T23:33:46.129057+00:00,6,20260921T233028Z
delhi_ncr_sbas_a27_v1_prod_20240324_20240405,bd37427c-7baf-4612-998d-83ea61b9fc07,20240324_20240405,2024-03-24,2024-04-05,12,58.0,4,10x2,True,PENDING,2026-09-21T23:33:46.845052+00:00,6,20260921T233028Z
delhi_ncr_sbas_a27_v1_prod_20240324_20240417,3d1daffc-3986-4280-bdc7-340adfd5c19d,20240324_20240417,2024-03-24,2024-04-17,24,4.0,4,10x2,True,PENDING,2026-09-21T23:33:47.766807+00:00,6,20260921T233028Z
delhi_ncr_sbas_a27_v1_prod_20240324_20240429,a7437bc5-8429-4b8e-9b25-864dd7c824e6,20240324_20240429,2024-03-24,2024-04-29,36,31.0,4,10x2,True,PENDING,2026-09-21T23:33:48.483361+00:00,6,20260921T233028Z
delhi_ncr_sbas_a27_v1_prod_20240405_20240417,2766eed6-d70f-4724-bbcf-2322c31f5dc2,20240405_20240417,2024-04-05,2024-04-17,12,58.0,4,10x2,True,PENDING,2026-09-21T23:33:49.158035+00:00,6,20260921T233028Z
delhi_ncr_sbas_a27_v1_prod_20240405_20240429,80ca6831-9753-4152-b6ce-85cf489abca8,20240405_20240429,2024-04-05,2024-04-29,24,29.0,4,10x2,True,PENDING,2026-09-21T23:33:49.917972+00:00,6,20260921T233028Z
delhi_ncr_sbas_a27_v1_prod_20240405_20240511,c5d89423-e2e3-49ee-96eb-c4b9f59d8dc0,20240405_20240511,2024-04-05,2024-05-11,36,86.0,4,10x2,True,PENDING,2026-09-21T23:33:50.633770+00:00,6,20260921T233028Z
delhi_ncr_sbas_a27_v1_prod_20240417_20240429,6a0da3ee-b7d3-49f6-aeea-0df0a558d0d5,20240417_20240429,2024-04-17,2024-04-29,12,35.0,4,10x2,True,PENDING,2026-09-21T23:33:51.305295+00:00,6,20260921T233028Z
delhi_ncr_sbas_a27_v1_prod_20240417_20240511,338de842-ce3c-41d7-b944-8126ad73e447,20240417_20240511,2024-04-17,2024-05-11,24,28.0,4,10x2,True,PENDING,2026-09-21T23:33:51.970931+00:00,6,20260921T233028Z
delhi_ncr_sbas_a27_v1_prod_20240417_20240523,bcda9ca1-1321-4025-8286-15ab46a6eacc,20240417_20240523,2024-04-17,2024-05-23,36,157.0,4,10x2,True,PENDING,2026-09-21T23:33:52.785751+00:00,6,20260921T233028Z
delhi_ncr_sbas_a27_v1_prod_20240429_20240511,bd294828-6d38-4a76-9813-100f1274cc85,20240429_20240511,2024-04-29,2024-05-11,12,58.0,4,10x2,True,PENDING,2026-09-21T23:33:53.501977+00:00,6,20260921T233028Z
delhi_ncr_sbas_a27_v1_prod_20240429_20240523,3cb485a5-639e-43bc-a260-a5ea1692b8e2,20240429_20240523,2024-04-29,2024-05-23,24,187.0,4,10x2,True,PENDING,2026-09-21T23:33:54.215358+00:00,6,20260921T233028Z
delhi_ncr_sbas_a27_v1_prod_20240429_20240604,dc8ea801-7f27-43f8-8c59-d1a44adfb8ca,20240429_20240604,2024-04-29,2024-06-04,36,187.0,4,10x2,True,PENDING,2026-09-21T23:33:55.038564+00:00,6,20260921T233028Z
delhi_ncr_sbas_a27_v1_prod_20240511_20240523,2545f2ac-de04-437b-b107-8b2fbe28160e,20240511_20240523,2024-05-11,2024-05-23,12,130.0,4,10x2,True,PENDING,2026-09-21T23:33:55.754277+00:00,6,20260921T233028Z
delhi_ncr_sbas_a27_v1_prod_20240511_20240604,8aab7cec-af53-4748-8301-82737addd6dc,20240511_20240604,2024-05-11,2024-06-04,24,129.0,4,10x2,True,PENDING,2026-09-21T23:33:56.573482+00:00,6,20260921T233028Z
delhi_ncr_sbas_a27_v1_prod_20240511_20240616,206404ed-dd63-475d-bc3f-edc9161c48a3,20240511_20240616,2024-05-11,2024-06-16,36,51.0,4,10x2,True,PENDING,2026-09-21T23:33:58.111332+00:00,6,20260921T233028Z
delhi_ncr_sbas_a27_v1_prod_20240523_20240604,88456c3c-d3a6-42c6-9355-04b1277c014d,20240523_20240604,2024-05-23,2024-06-04,12,5.0,4,10x2,True,PENDING,2026-09-21T23:33:58.827176+00:00,6,20260921T233028Z
delhi_ncr_sbas_a27_v1_prod_20240523_20240616,ad18f95f-15ed-4337-a4dc-339fd1e20438,20240523_20240616,2024-05-23,2024-06-16,24,80.0,4,10x2,True,PENDING,2026-09-21T23:34:00.260014+00:00,6,20260921T233028Z
delhi_ncr_sbas_a27_v1_prod_20240604_20240616,5172f848-4349-4091-9646-ce71bb0c052f,20240604_20240616,2024-06-04,2024-06-16,12,78.0,4,10x2,True,PENDING,2026-09-21T23:34:00.981368+00:00,6,20260921T233028Z
delhi_ncr_sbas_a27_v1_prod_20240604_20240710,fa020617-fa44-42f5-80bf-70fc556a855d,20240604_20240710,2024-06-04,2024-07-10,36,29.0,4,10x2,True,PENDING,2026-09-21T23:34:01.707345+00:00,6,20260921T233028Z
delhi_ncr_sbas_a27_v1_prod_20240616_20240710,9e7c9b3a-5bca-461a-8b91-8d2f99470d44,20240616_20240710,2024-06-16,2024-07-10,24,103.0,4,10x2,True,PENDING,2026-09-21T23:34:02.414622+00:00,6,20260921T233028Z
delhi_ncr_sbas_a27_v1_prod_20240616_20240722,1b26f11d-ea46-4639-9836-7d5ca1f0b193,20240616_20240722,2024-06-16,2024-07-22,36,110.0,4,10x2,True,PENDING,2026-09-21T23:34:05.737202+00:00,7,20260921T233028Z
delhi_ncr_sbas_a27_v1_prod_20240710_20240722,81bc7242-58c6-43b4-a899-2ce98ae87e86,20240710_20240722,2024-07-10,2024-07-22,12,7.0,4,10x2,True,PENDING,2026-09-21T23:34:06.442723+00:00,7,20260921T233028Z
delhi_ncr_sbas_a27_v1_prod_20240710_20240803,ef07117d-3dbd-4e81-b6d0-4d4ee5577a02,20240710_20240803,2024-07-10,2024-08-03,24,127.0,4,10x2,True,PENDING,2026-09-21T23:34:07.222096+00:00,7,20260921T233028Z
delhi_ncr_sbas_a27_v1_prod_20240710_20240815,80dcb5c5-9c59-40b1-baf8-b127aa9996af,20240710_20240815,2024-07-10,2024-08-15,36,110.0,4,10x2,True,PENDING,2026-09-21T23:34:07.913463+00:00,7,20260921T233028Z
delhi_ncr_sbas_a27_v1_prod_20240722_20240803,d2d82227-c00c-4175-83e3-5cdf65e2dc81,20240722_20240803,2024-07-22,2024-08-03,12,130.0,4,10x2,True,PENDING,2026-09-21T23:34:08.760097+00:00,7,20260921T233028Z
delhi_ncr_sbas_a27_v1_prod_20240722_20240815,093a0581-060b-4bea-aeb1-e7c98d98768e,20240722_20240815,2024-07-22,2024-08-15,24,117.0,4,10x2,True,PENDING,2026-09-21T23:34:09.578560+00:00,7,20260921T233028Z
delhi_ncr_sbas_a27_v1_prod_20240803_20240815,157f6a86-85f9-4d67-84c4-f52cbb748c7a,20240803_20240815,2024-08-03,2024-08-15,12,18.0,4,10x2,True,PENDING,2026-09-21T23:34:10.292949+00:00,7,20260921T233028Z
delhi_ncr_sbas_a27_v1_prod_20240803_20240827,f7cda7af-7c08-49b9-a809-e3c33fe136db,20240803_20240827,2024-08-03,2024-08-27,24,133.0,4,10x2,True,PENDING,2026-09-21T23:34:11.012050+00:00,7,20260921T233028Z
delhi_ncr_sbas_a27_v1_prod_20240803_20240908,569f8c95-ee67-4f5b-96c6-14142d4ab8ac,20240803_20240908,2024-08-03,2024-09-08,36,113.0,4,10x2,True,PENDING,2026-09-21T23:34:11.727989+00:00,7,20260921T233028Z
delhi_ncr_sbas_a27_v1_prod_20240815_20240827,57cca548-e48c-4a28-8e06-a1b660c158da,20240815_20240827,2024-08-15,2024-08-27,12,146.0,4,10x2,True,PENDING,2026-09-21T23:34:12.446571+00:00,7,20260921T233028Z
delhi_ncr_sbas_a27_v1_prod_20240815_20240908,edbd2169-8e3e-4b51-a6e5-1d9e422c8825,20240815_20240908,2024-08-15,2024-09-08,24,126.0,4,10x2,True,PENDING,2026-09-21T23:34:13.229269+00:00,7,20260921T233028Z
delhi_ncr_sbas_a27_v1_prod_20240815_20240920,4413c709-f011-4df0-ba7b-44e4182348fc,20240815_20240920,2024-08-15,2024-09-20,36,69.0,4,10x2,True,PENDING,2026-09-21T23:34:13.982715+00:00,7,20260921T233028Z
delhi_ncr_sbas_a27_v1_prod_20240827_20240908,7c99e533-f54e-4388-adc9-9751b98241ef,20240827_20240908,2024-08-27,2024-09-08,12,21.0,4,10x2,True,PENDING,2026-09-21T23:34:14.801235+00:00,7,20260921T233028Z
delhi_ncr_sbas_a27_v1_prod_20240827_20240920,4b899493-f9fb-4f85-8dfb-106bddabfa91,20240827_20240920,2024-08-27,2024-09-20,24,82.0,4,10x2,True,PENDING,2026-09-21T23:34:15.621451+00:00,7,20260921T233028Z
delhi_ncr_sbas_a27_v1_prod_20240827_20241002,79a0bf72-1569-4dab-9ffc-ec47f562e46f,20240827_20241002,2024-08-27,2024-10-02,36,150.0,4,10x2,True,PENDING,2026-09-21T23:34:16.309300+00:00,7,20260921T233028Z
delhi_ncr_sbas_a27_v1_prod_20240908_20240920,5c8a548b-1cb8-4068-a823-f3179c0db499,20240908_20240920,2024-09-08,2024-09-20,12,64.0,4,10x2,True,PENDING,2026-09-21T23:34:17.055354+00:00,7,20260921T233028Z
delhi_ncr_sbas_a27_v1_prod_20240908_20241002,866d712a-78af-45dc-b393-c1c3d3286b1d,20240908_20241002,2024-09-08,2024-10-02,24,132.0,4,10x2,True,PENDING,2026-09-21T23:34:17.758168+00:00,7,20260921T233028Z
delhi_ncr_sbas_a27_v1_prod_20240908_20241014,cc409629-f635-42f1-807e-c13fbb1f4a5e,20240908_20241014,2024-09-08,2024-10-14,36,5.0,4,10x2,True,PENDING,2026-09-21T23:34:18.434106+00:00,7,20260921T233028Z
delhi_ncr_sbas_a27_v1_prod_20240920_20241002,8fc31226-b4a7-49fb-aa69-9b1f3f8b37d6,20240920_20241002,2024-09-20,2024-10-02,12,69.0,4,10x2,True,PENDING,2026-09-21T23:34:19.408024+00:00,7,20260921T233028Z
delhi_ncr_sbas_a27_v1_prod_20240920_20241014,822f802f-8c4b-470b-99ab-7d87e735a8b5,20240920_20241014,2024-09-20,2024-10-14,24,59.0,4,10x2,True,PENDING,2026-09-21T23:34:20.379992+00:00,7,20260921T233028Z
delhi_ncr_sbas_a27_v1_prod_20240920_20241026,86364164-ee51-445c-994f-8f713759fca2,20240920_20241026,2024-09-20,2024-10-26,36,49.0,4,10x2,True,PENDING,2026-09-21T23:34:21.362827+00:00,7,20260921T233028Z
delhi_ncr_sbas_a27_v1_prod_20241002_20241014,fd6e3a8a-fe53-46ac-861e-fba0815ca1f0,20241002_20241014,2024-10-02,2024-10-14,12,127.0,4,10x2,True,PENDING,2026-09-21T23:34:22.337806+00:00,7,20260921T233028Z
delhi_ncr_sbas_a27_v1_prod_20241002_20241026,e366e485-bf2c-48c5-b7b9-15b2f1fa26c7,20241002_20241026,2024-10-02,2024-10-26,24,23.0,4,10x2,True,PENDING,2026-09-21T23:34:23.298478+00:00,7,20260921T233028Z
delhi_ncr_sbas_a27_v1_prod_20241002_20241107,f98c9872-43f2-4a96-b021-5e3822b3b783,20241002_20241107,2024-10-02,2024-11-07,36,88.0,4,10x2,True,PENDING,2026-09-21T23:34:24.293363+00:00,7,20260921T233028Z
delhi_ncr_sbas_a27_v1_prod_20241014_20241026,936e59cc-e9bb-4a6f-b85a-632ecf8b585e,20241014_20241026,2024-10-14,2024-10-26,12,104.0,4,10x2,True,PENDING,2026-09-21T23:34:25.257727+00:00,7,20260921T233028Z
delhi_ncr_sbas_a27_v1_prod_20241014_20241107,f561fe28-efda-41b9-9149-eabc9ccfffea,20241014_20241107,2024-10-14,2024-11-07,24,40.0,4,10x2,True,PENDING,2026-09-21T23:34:25.949450+00:00,7,20260921T233028Z
delhi_ncr_sbas_a27_v1_prod_20241014_20241119,53422f9e-c126-42d0-aead-8d26963522b4,20241014_20241119,2024-10-14,2024-11-19,36,41.0,4,10x2,True,PENDING,2026-09-21T23:34:26.927789+00:00,7,20260921T233028Z
delhi_ncr_sbas_a27_v1_prod_20241026_20241107,16fc5a08-8934-4033-a21e-847e458c8676,20241026_20241107,2024-10-26,2024-11-07,12,68.0,4,10x2,True,PENDING,2026-09-21T23:34:28.011435+00:00,7,20260921T233028Z
delhi_ncr_sbas_a27_v1_prod_20241026_20241119,61a96a3d-0ce9-4a8f-88ab-f7145593f3ae,20241026_20241119,2024-10-26,2024-11-19,24,64.0,4,10x2,True,PENDING,2026-09-21T23:34:29.034630+00:00,7,20260921T233028Z
delhi_ncr_sbas_a27_v1_prod_20241107_20241119,1fa20371-9a67-413a-b5cf-b14715e8fb00,20241107_20241119,2024-11-07,2024-11-19,12,7.0,4,10x2,True,PENDING,2026-09-21T23:34:30.059016+00:00,7,20260921T233028Z
delhi_ncr_sbas_a27_v1_prod_20241107_20241213,5420b7c0-b2e8-4020-b902-d5a59077e353,20241107_20241213,2024-11-07,2024-12-13,36,36.0,4,10x2,True,PENDING,2026-09-21T23:34:31.014521+00:00,7,20260921T233028Z
delhi_ncr_sbas_a27_v1_prod_20241119_20241213,d78d2bb0-3241-487c-860f-f4f405079a01,20241119_20241213,2024-11-19,2024-12-13,24,33.0,4,10x2,True,PENDING,2026-09-21T23:34:32.105844+00:00,7,20260921T233028Z
delhi_ncr_sbas_a27_v1_prod_20241119_20241225,8bbeadb7-cc22-4a47-ba0f-ff569ae9089c,20241119_20241225,2024-11-19,2024-12-25,36,142.0,4,10x2,True,PENDING,2026-09-21T23:34:33.056974+00:00,7,20260921T233028Z
delhi_ncr_sbas_a27_v1_prod_20241213_20241225,6cbcbaa5-9704-49f3-b9cb-899f284ff55b,20241213_20241225,2024-12-13,2024-12-25,12,113.0,4,10x2,True,PENDING,2026-09-21T23:34:34.053131+00:00,7,20260921T233028Z
delhi_ncr_sbas_a27_v1_prod_20241213_20250106,b6af36ec-b4c8-4bc6-a726-0fcd9c952dd5,20241213_20250106,2024-12-13,2025-01-06,24,17.0,4,10x2,True,PENDING,2026-09-21T23:34:35.076284+00:00,7,20260921T233028Z
delhi_ncr_sbas_a27_v1_prod_20241213_20250118,1d753a4e-6e08-4b23-9598-bc5ff9a48588,20241213_20250118,2024-12-13,2025-01-18,36,76.0,4,10x2,True,PENDING,2026-09-21T23:34:36.100612+00:00,7,20260921T233028Z
delhi_ncr_sbas_a27_v1_prod_20241225_20250106,60b9c68a-82fe-4a56-a1c9-d3a65493485a,20241225_20250106,2024-12-25,2025-01-06,12,97.0,4,10x2,True,PENDING,2026-09-21T23:34:37.122516+00:00,7,20260921T233028Z
delhi_ncr_sbas_a27_v1_prod_20241225_20250118,e25280c9-64d8-44b1-a597-b82d660f1689,20241225_20250118,2024-12-25,2025-01-18,24,38.0,4,10x2,True,PENDING,2026-09-21T23:34:38.150968+00:00,7,20260921T233028Z
delhi_ncr_sbas_a27_v1_prod_20241225_20250130,a9986bea-0dc6-47d9-8d2e-3f865bb92ea0,20241225_20250130,2024-12-25,2025-01-30,36,64.0,4,10x2,True,PENDING,2026-09-21T23:34:39.173581+00:00,7,20260921T233028Z
delhi_ncr_sbas_a27_v1_prod_20250106_20250118,39293333-0d9b-49d7-9ec5-aa274830c8ad,20250106_20250118,2025-01-06,2025-01-18,12,60.0,4,10x2,True,PENDING,2026-09-21T23:34:40.197745+00:00,7,20260921T233028Z
delhi_ncr_sbas_a27_v1_prod_20250106_20250130,47f9d7fa-5ee1-475c-a4a8-258a0926c38a,20250106_20250130,2025-01-06,2025-01-30,24,33.0,4,10x2,True,PENDING,2026-09-21T23:34:44.804803+00:00,8,20260921T233028Z
delhi_ncr_sbas_a27_v1_prod_20250106_20250211,51bcf35e-61a0-4a89-bbbb-8a334ada2dfc,20250106_20250211,2025-01-06,2025-02-11,36,18.0,4,10x2,True,PENDING,2026-09-21T23:34:45.520293+00:00,8,20260921T233028Z
delhi_ncr_sbas_a27_v1_prod_20250118_20250130,2dbf3954-4ca2-4a72-be6b-9dde3d663941,20250118_20250130,2025-01-18,2025-01-30,12,27.0,4,10x2,True,PENDING,2026-09-21T23:34:46.544837+00:00,8,20260921T233028Z
delhi_ncr_sbas_a27_v1_prod_20250118_20250211,06d40a28-b055-4db1-a296-9cd14b96c044,20250118_20250211,2025-01-18,2025-02-11,24,77.0,4,10x2,True,PENDING,2026-09-21T23:34:47.231479+00:00,8,20260921T233028Z
delhi_ncr_sbas_a27_v1_prod_20250118_20250223,902470bf-1c0a-44ec-9140-b7f96700c809,20250118_20250223,2025-01-18,2025-02-23,36,79.0,4,10x2,True,PENDING,2026-09-21T23:34:47.978640+00:00,8,20260921T233028Z
delhi_ncr_sbas_a27_v1_prod_20250130_20250211,8d42e958-363a-472b-9a2e-b3cb43250515,20250130_20250211,2025-01-30,2025-02-11,12,51.0,4,10x2,True,PENDING,2026-09-21T23:34:48.640845+00:00,8,20260921T233028Z
delhi_ncr_sbas_a27_v1_prod_20250130_20250223,702fba03-be68-4b6b-9df7-ce16644c0296,20250130_20250223,2025-01-30,2025-02-23,24,53.0,4,10x2,True,PENDING,2026-09-21T23:34:49.309890+00:00,8,20260921T233028Z
delhi_ncr_sbas_a27_v1_prod_20250130_20250307,591e4a9c-6c1b-41b7-abf3-b3a3801284c6,20250130_20250307,2025-01-30,2025-03-07,36,123.0,4,10x2,True,PENDING,2026-09-21T23:34:50.129275+00:00,8,20260921T233028Z
delhi_ncr_sbas_a27_v1_prod_20250211_20250223,5caeecd1-4f03-4ddc-b118-d83bf39bce12,20250211_20250223,2025-02-11,2025-02-23,12,2.0,4,10x2,True,PENDING,2026-09-21T23:34:51.153277+00:00,8,20260921T233028Z
delhi_ncr_sbas_a27_v1_prod_20250211_20250307,96962eda-996b-4d55-bef8-becb9516898a,20250211_20250307,2025-02-11,2025-03-07,24,73.0,4,10x2,True,PENDING,2026-09-21T23:34:51.837915+00:00,8,20260921T233028Z
delhi_ncr_sbas_a27_v1_prod_20250211_20250319,43a49d9e-d8c8-4f02-875f-119016b702fb,20250211_20250319,2025-02-11,2025-03-19,36,74.0,4,10x2,True,PENDING,2026-09-21T23:34:52.790085+00:00,8,20260921T233028Z
delhi_ncr_sbas_a27_v1_prod_20250223_20250307,ff7a1c64-ff7a-41ea-ae18-54ff9504bd0c,20250223_20250307,2025-02-23,2025-03-07,12,73.0,4,10x2,True,PENDING,2026-09-21T23:34:53.517280+00:00,8,20260921T233028Z
delhi_ncr_sbas_a27_v1_prod_20250223_20250319,b6512664-a216-467c-9d9a-b766719bd7eb,20250223_20250319,2025-02-23,2025-03-19,24,74.0,4,10x2,True,PENDING,2026-09-21T23:34:54.224538+00:00,8,20260921T233028Z
delhi_ncr_sbas_a27_v1_prod_20250223_20250331,d71fe109-eb7b-474d-a843-fd130e939ef3,20250223_20250331,2025-02-23,2025-03-31,36,113.0,4,10x2,True,PENDING,2026-09-21T23:34:54.941925+00:00,8,20260921T233028Z
delhi_ncr_sbas_a27_v1_prod_20250307_20250319,ddbdcc8f-c015-4b52-ac06-5d1c9fa7dd63,20250307_20250319,2025-03-07,2025-03-19,12,2.0,4,10x2,True,PENDING,2026-09-21T23:34:55.759644+00:00,8,20260921T233028Z
delhi_ncr_sbas_a27_v1_prod_20250307_20250331,efdd7b1e-8bbf-42a8-a33d-6235ab34095e,20250307_20250331,2025-03-07,2025-03-31,24,40.0,4,10x2,True,PENDING,2026-09-21T23:34:56.784711+00:00,8,20260921T233028Z
delhi_ncr_sbas_a27_v1_prod_20250307_20250412,40382c09-86f4-470e-b1f1-40616eb38265,20250307_20250412,2025-03-07,2025-04-12,36,186.0,4,10x2,True,PENDING,2026-09-21T23:34:57.501095+00:00,8,20260921T233028Z
delhi_ncr_sbas_a27_v1_prod_20250319_20250331,eb6b1dd9-cc4f-4101-a5ea-b139fc10fa5a,20250319_20250331,2025-03-19,2025-03-31,12,39.0,4,10x2,True,PENDING,2026-09-21T23:34:58.187284+00:00,8,20260921T233028Z
delhi_ncr_sbas_a27_v1_prod_20250319_20250412,2e88db67-8cf4-44bd-91bc-d0a9e7f430cc,20250319_20250412,2025-03-19,2025-04-12,24,187.0,4,10x2,True,PENDING,2026-09-21T23:34:59.241463+00:00,8,20260921T233028Z
delhi_ncr_sbas_a27_v1_prod_20250319_20250424,032b40c1-7598-4e15-b43c-c3b953c70af8,20250319_20250424,2025-03-19,2025-04-24,36,101.0,4,10x2,True,PENDING,2026-09-21T23:34:59.944621+00:00,8,20260921T233028Z
delhi_ncr_sbas_a27_v1_prod_20250331_20250412,2b2da485-9387-471e-88df-5b9bf755c2ad,20250331_20250412,2025-03-31,2025-04-12,12,224.0,4,10x2,True,PENDING,2026-09-21T23:35:00.676404+00:00,8,20260921T233028Z
delhi_ncr_sbas_a27_v1_prod_20250331_20250424,54a52f5e-f686-4045-b240-d6514b98375c,20250331_20250424,2025-03-31,2025-04-24,24,137.0,4,10x2,True,PENDING,2026-09-21T23:35:01.495654+00:00,8,20260921T233028Z
delhi_ncr_sbas_a27_v1_prod_20250331_20250506,cc36af4d-dbbd-4aec-ae3b-ce05b5320efd,20250331_20250506,2025-03-31,2025-05-06,36,170.0,4,10x2,True,PENDING,2026-09-21T23:35:02.519571+00:00,8,20260921T233028Z
delhi_ncr_sbas_a27_v1_prod_20250412_20250424,d3ddb14d-48a1-4bed-b184-e612286b904f,20250412_20250424,2025-04-12,2025-04-24,12,87.0,4,10x2,True,PENDING,2026-09-21T23:35:03.487663+00:00,8,20260921T233028Z
delhi_ncr_sbas_a27_v1_prod_20250412_20250506,c835fe48-00d3-439c-ada7-58995e8478f2,20250412_20250506,2025-04-12,2025-05-06,24,55.0,4,10x2,True,PENDING,2026-09-21T23:35:04.157745+00:00,8,20260921T233028Z
delhi_ncr_sbas_a27_v1_prod_20250424_20250506,6efe3e7d-c8d3-48d7-bc96-6a1e873072ec,20250424_20250506,2025-04-24,2025-05-06,12,33.0,4,10x2,True,PENDING,2026-09-21T23:35:04.875850+00:00,8,20260921T233028Z
delhi_ncr_sbas_a27_v1_prod_20250424_20250530,9b65f532-71cb-4417-87e8-23228e6f7c80,20250424_20250530,2025-04-24,2025-05-30,36,127.0,4,10x2,True,PENDING,2026-09-21T23:35:05.591620+00:00,8,20260921T233028Z
delhi_ncr_sbas_a27_v1_prod_20250506_20250530,f1009a84-9c93-4947-87ee-d63c42a0dc3a,20250506_20250530,2025-05-06,2025-05-30,24,95.0,4,10x2,True,PENDING,2026-09-21T23:35:06.326271+00:00,8,20260921T233028Z
delhi_ncr_sbas_a27_v1_prod_20250506_20250611,3842c624-6574-493c-8f69-598a8b378613,20250506_20250611,2025-05-06,2025-06-11,36,132.0,4,10x2,True,PENDING,2026-09-21T23:35:07.026035+00:00,8,20260921T233028Z
delhi_ncr_sbas_a27_v1_prod_20250530_20250611,7da849a6-793c-4803-aa09-d137993c56cf,20250530_20250611,2025-05-30,2025-06-11,12,41.0,4,10x2,True,PENDING,2026-09-21T23:35:07.742412+00:00,8,20260921T233028Z
delhi_ncr_sbas_a27_v1_prod_20250530_20250623,9cc53b26-4dc1-4f55-917c-55beb3cfff02,20250530_20250623,2025-05-30,2025-06-23,24,6.0,4,10x2,True,PENDING,2026-09-21T23:35:08.439712+00:00,8,20260921T233028Z
delhi_ncr_sbas_a27_v1_prod_20250530_20250705,865435bb-2558-4dc9-b64b-52c0295aa186,20250530_20250705,2025-05-30,2025-07-05,36,1.0,4,10x2,True,PENDING,2026-09-21T23:35:09.175504+00:00,8,20260921T233028Z
delhi_ncr_sbas_a27_v1_prod_20250611_20250623,e3eaa3d8-5f72-4034-8384-d492507de59e,20250611_20250623,2025-06-11,2025-06-23,12,35.0,4,10x2,True,PENDING,2026-09-21T23:35:10.199885+00:00,8,20260921T233028Z
delhi_ncr_sbas_a27_v1_prod_20250611_20250705,98b6b2e1-9761-4132-8b3f-f557a142b70f,20250611_20250705,2025-06-11,2025-07-05,24,41.0,4,10x2,True,PENDING,2026-09-21T23:35:10.916842+00:00,8,20260921T233028Z
delhi_ncr_sbas_a27_v1_prod_20250611_20250717,8abcfeb9-978c-4162-b641-47caf90e5601,20250611_20250717,2025-06-11,2025-07-17,36,86.0,4,10x2,True,PENDING,2026-09-21T23:35:11.609790+00:00,8,20260921T233028Z
delhi_ncr_sbas_a27_v1_prod_20250623_20250705,b4c4fed7-d2c5-4a4c-9f64-5b22739f26f3,20250623_20250705,2025-06-23,2025-07-05,12,6.0,4,10x2,True,PENDING,2026-09-21T23:35:12.324362+00:00,8,20260921T233028Z
delhi_ncr_sbas_a27_v1_prod_20250623_20250717,95c9f005-22da-4dfd-8fff-831eab69cabb,20250623_20250717,2025-06-23,2025-07-17,24,51.0,4,10x2,True,PENDING,2026-09-21T23:35:13.068259+00:00,8,20260921T233028Z
delhi_ncr_sbas_a27_v1_prod_20250623_20250729,b3d8c157-641b-4743-b6da-0f89526bc28c,20250623_20250729,2025-06-23,2025-07-29,36,59.0,4,10x2,True,PENDING,2026-09-21T23:35:13.767013+00:00,8,20260921T233028Z
delhi_ncr_sbas_a27_v1_prod_20250705_20250717,2c63d6f0-70e2-4184-a498-492ba8ddad0e,20250705_20250717,2025-07-05,2025-07-17,12,48.0,4,10x2,True,PENDING,2026-09-21T23:35:14.434892+00:00,8,20260921T233028Z
delhi_ncr_sbas_a27_v1_prod_20250705_20250729,1793270f-5e3a-4a72-8faf-43525cafbf4d,20250705_20250729,2025-07-05,2025-07-29,24,53.0,4,10x2,True,PENDING,2026-09-21T23:35:15.217213+00:00,8,20260921T233028Z
delhi_ncr_sbas_a27_v1_prod_20250705_20250810,8ef4e155-125c-4cd3-985f-75c585c42f0f,20250705_20250810,2025-07-05,2025-08-10,36,72.0,4,10x2,True,PENDING,2026-09-21T23:35:19.854705+00:00,9,20260921T233028Z
delhi_ncr_sbas_a27_v1_prod_20250717_20250729,11509811-578a-4196-b6a6-f838a0cf42a6,20250717_20250729,2025-07-17,2025-07-29,12,10.0,4,10x2,True,PENDING,2026-09-21T23:35:20.848781+00:00,9,20260921T233028Z
delhi_ncr_sbas_a27_v1_prod_20250717_20250810,4423f1d7-65b5-489f-81f1-3eefbf96e0ee,20250717_20250810,2025-07-17,2025-08-10,24,29.0,4,10x2,True,PENDING,2026-09-21T23:35:21.875878+00:00,9,20260921T233028Z
delhi_ncr_sbas_a27_v1_prod_20250717_20250822,c9893f59-d75f-408a-9d70-e054412718b3,20250717_20250822,2025-07-17,2025-08-22,36,61.0,4,10x2,True,PENDING,2026-09-21T23:35:23.001832+00:00,9,20260921T233028Z
delhi_ncr_sbas_a27_v1_prod_20250729_20250810,80892028-5e21-452e-b75a-d9a72d867747,20250729_20250810,2025-07-29,2025-08-10,12,19.0,4,10x2,True,PENDING,2026-09-21T23:35:23.715980+00:00,9,20260921T233028Z
delhi_ncr_sbas_a27_v1_prod_20250729_20250822,a7209675-d94b-44fc-a7cb-cc6626e9cdda,20250729_20250822,2025-07-29,2025-08-22,24,51.0,4,10x2,True,PENDING,2026-09-21T23:35:24.740978+00:00,9,20260921T233028Z
delhi_ncr_sbas_a27_v1_prod_20250729_20250903,eb327c8c-eed8-49b2-8b0f-02a10d7c0a87,20250729_20250903,2025-07-29,2025-09-03,36,107.0,4,10x2,True,PENDING,2026-09-21T23:35:25.561085+00:00,9,20260921T233028Z
delhi_ncr_sbas_a27_v1_prod_20250810_20250822,25a96212-d669-41ae-a38a-9d156238b005,20250810_20250822,2025-08-10,2025-08-22,12,32.0,4,10x2,True,PENDING,2026-09-21T23:35:26.584327+00:00,9,20260921T233028Z
delhi_ncr_sbas_a27_v1_prod_20250810_20250903,ff3a74f7-098f-4ecb-956d-3a04dc6f31b7,20250810_20250903,2025-08-10,2025-09-03,24,88.0,4,10x2,True,PENDING,2026-09-21T23:35:27.602281+00:00,9,20260921T233028Z
delhi_ncr_sbas_a27_v1_prod_20250810_20250915,56b1db29-b05e-47a7-ae28-3eb826bb1f91,20250810_20250915,2025-08-10,2025-09-15,36,187.0,4,10x2,True,PENDING,2026-09-21T23:35:28.337326+00:00,9,20260921T233028Z
delhi_ncr_sbas_a27_v1_prod_20250822_20250903,1284ca46-883a-4208-92c6-c11d45333f02,20250822_20250903,2025-08-22,2025-09-03,12,56.0,4,10x2,True,PENDING,2026-09-21T23:35:29.354312+00:00,9,20260921T233028Z
delhi_ncr_sbas_a27_v1_prod_20250822_20250915,2766cb56-318c-436a-9bb3-445241249271,20250822_20250915,2025-08-22,2025-09-15,24,156.0,4,10x2,True,PENDING,2026-09-21T23:35:30.324507+00:00,9,20260921T233028Z
delhi_ncr_sbas_a27_v1_prod_20250822_20250927,a890ff57-a78b-4dc1-a033-6533e49468ea,20250822_20250927,2025-08-22,2025-09-27,36,64.0,4,10x2,True,PENDING,2026-09-21T23:35:30.992067+00:00,9,20260921T233028Z
delhi_ncr_sbas_a27_v1_prod_20250903_20250915,df63b7ea-8ab9-46f2-a8d4-897331d469f0,20250903_20250915,2025-09-03,2025-09-15,12,102.0,4,10x2,True,PENDING,2026-09-21T23:35:31.949870+00:00,9,20260921T233028Z
delhi_ncr_sbas_a27_v1_prod_20250903_20250927,d8413fbb-73e2-42ff-8c5e-77424ca560c5,20250903_20250927,2025-09-03,2025-09-27,24,10.0,4,10x2,True,PENDING,2026-09-21T23:35:32.724851+00:00,9,20260921T233028Z
delhi_ncr_sbas_a27_v1_prod_20250915_20250927,dd714135-df21-4c64-88c2-6aa75a0b1f95,20250915_20250927,2025-09-15,2025-09-27,12,92.0,4,10x2,True,PENDING,2026-09-21T23:35:33.710594+00:00,9,20260921T233028Z
