hotspot_id,date,los_displacement_mm,los_interquartile_halfwidth_mm
H001,20211006,0.0,-0.0
H001,20211018,6.275,2.072
H001,20211030,1.44,1.742
H001,20211111,11.162,1.597
H001,20211123,-1.001,2.339
H001,20211205,-8.293,2.3
H001,20211217,-5.84,2.586
H001,20211229,-7.272,2.705
H001,20220110,-7.172,3.072
H001,20220122,-2.853,3.641
H001,20220203,-2.982,3.363
H001,20220215,-16.422,3.855
H001,20220227,-11.404,4.422
H001,20220311,-1.294,7.027
H001,20220323,-34.373,3.901
H001,20220404,-12.005,5.899
H001,20220416,13.975,7.354
H001,20220428,-7.848,6.863
H001,20220510,-10.688,7.626
H001,20220522,-12.958,12.023
H001,20220603,-24.317,7.834
H001,20220615,-27.971,8.917
H001,20220627,-8.95,9.554
H001,20220709,-12.086,11.149
H001,20220721,-27.356,10.185
H001,20220802,-27.848,11.546
H001,20220814,-13.413,12.568
H001,20220826,-13.917,12.756
H001,20220907,-50.135,14.203
H001,20220919,-12.442,15.125
H001,20221001,-12.743,15.149
H001,20221013,-17.795,15.329
H001,20221025,-21.768,15.327
H001,20221106,-17.599,16.645
H001,20221118,-24.438,15.947
H001,20221130,-25.919,16.947
H001,20221212,-29.861,17.332
H001,20221224,-31.332,16.932
H001,20230105,-34.529,17.952
H001,20230117,-28.462,18.613
H001,20230129,-18.864,18.939
H001,20230210,-30.206,19.12
H001,20230222,-33.895,20.49
H001,20230306,-27.854,20.096
H001,20230318,-34.417,22.794
H001,20230330,-10.584,22.572
H001,20230411,-54.659,22.3
H001,20230423,-36.022,23.352
H001,20230505,-40.593,24.028
H001,20230517,-17.28,21.377
H001,20230529,-44.794,24.893
H001,20230610,-29.129,26.992
H001,20230622,-51.597,26.906
H001,20230704,-40.544,26.696
H001,20230716,-48.182,27.865
H001,20230728,-21.167,32.937
H001,20230809,-24.419,30.705
H001,20230821,-35.891,30.721
H001,20230902,-44.036,30.556
H001,20230914,-16.314,33.419
H001,20230926,-36.982,33.718
H001,20231008,-33.757,34.613
H001,20231020,-52.494,34.217
H001,20231101,-42.071,34.392
H001,20231113,-44.699,36.333
H001,20231125,-45.413,36.108
H001,20231207,-59.288,34.93
H001,20231219,-51.848,36.09
H001,20231231,-50.044,36.704
H001,20240112,-54.378,36.439
H001,20240124,-55.214,37.071
H001,20240205,-48.705,39.954
H001,20240217,-52.467,37.825
H001,20240229,-64.742,38.803
H001,20240312,-57.037,39.74
H001,20240324,-56.58,39.416
H001,20240405,-74.671,43.797
H001,20240417,-55.624,41.452
H001,20240429,-60.399,41.755
H001,20240511,-68.008,40.809
H001,20240523,-76.507,39.741
H001,20240604,-69.744,44.357
H001,20240616,-88.532,42.116
H001,20240710,-114.259,39.28
H001,20240722,-86.574,46.446
H001,20240803,-68.754,47.602
H001,20240815,-112.519,56.873
H001,20240827,-81.238,48.322
H001,20240908,-56.539,53.007
H001,20240920,-65.56,50.545
H001,20241002,-78.84,52.864
H001,20241014,-76.695,52.807
H001,20241026,-79.796,53.01
H001,20241107,-75.457,53.914
H001,20241119,-78.19,54.06
H001,20241213,-93.062,53.321
H001,20241225,-94.326,53.687
H001,20250106,-85.728,55.911
H001,20250118,-104.185,53.162
H001,20250130,-100.298,55.47
H001,20250211,-99.516,55.428
H001,20250223,-92.336,57.311
H001,20250307,-83.383,59.639
H001,20250319,-83.933,61.225
H001,20250331,-101.081,59.244
H001,20250412,-112.057,60.662
H001,20250424,-99.077,60.53
H001,20250506,-112.637,61.313
H001,20250530,-113.383,61.732
H001,20250611,-96.776,62.886
H001,20250623,-111.482,62.915
H001,20250705,-116.646,65.264
H001,20250717,-119.177,65.14
H001,20250729,-113.856,65.374
H001,20250810,-123.798,65.803
H001,20250822,-124.213,67.484
H001,20250903,-118.449,68.68
H001,20250915,-116.613,68.068
H001,20250927,-120.686,69.956
H002,20211006,0.0,0.0
H002,20211018,-0.883,4.84
H002,20211030,-13.323,4.855
H002,20211111,-16.799,5.562
H002,20211123,-20.534,6.191
H002,20211205,-13.185,4.597
H002,20211217,-12.0,4.357
H002,20211229,-15.971,3.571
H002,20220110,-17.463,4.104
H002,20220122,-18.135,4.674
H002,20220203,-23.714,9.16
H002,20220215,-16.629,3.532
H002,20220227,-3.715,5.512
H002,20220311,-35.85,3.16
H002,20220323,-12.051,6.949
H002,20220404,-30.231,5.188
H002,20220416,-36.507,3.096
H002,20220428,-21.404,6.045
H002,20220510,-16.047,6.304
H002,20220522,-25.09,3.63
H002,20220603,-19.115,3.773
H002,20220615,1.26,3.128
H002,20220627,-32.805,5.604
H002,20220709,-11.133,4.728
H002,20220721,-19.061,5.743
H002,20220802,-12.016,6.379
H002,20220814,-21.351,8.83
H002,20220826,-9.378,5.931
H002,20220907,-26.272,7.467
H002,20220919,-35.121,6.605
H002,20221001,-44.603,8.399
H002,20221013,-36.766,6.456
H002,20221025,-23.43,5.337
H002,20221106,-34.659,5.618
H002,20221118,-27.992,6.034
H002,20221130,-34.744,5.349
H002,20221212,-25.256,4.952
H002,20221224,-23.799,5.529
H002,20230105,-27.419,5.149
H002,20230117,-23.241,5.125
H002,20230129,-32.083,7.636
H002,20230210,-37.954,5.583
H002,20230222,-41.033,8.582
H002,20230306,-41.171,4.48
H002,20230318,-34.106,4.992
H002,20230330,-65.089,9.991
H002,20230411,-32.897,5.263
H002,20230423,-44.636,6.692
H002,20230505,-43.586,7.356
H002,20230517,-87.556,10.888
H002,20230529,-41.91,7.75
H002,20230610,-46.94,6.279
H002,20230622,-56.712,7.682
H002,20230704,-19.735,6.661
H002,20230716,-6.008,10.494
H002,20230728,-7.134,12.322
H002,20230809,-29.439,8.669
H002,20230821,-24.82,7.169
H002,20230902,-60.721,6.413
H002,20230914,-63.84,7.213
H002,20230926,-65.632,9.064
H002,20231008,-66.602,7.016
H002,20231020,-56.422,6.006
H002,20231101,-67.068,5.953
H002,20231113,-50.842,6.537
H002,20231125,-67.334,6.789
H002,20231207,-50.216,7.313
H002,20231219,-60.476,6.632
H002,20231231,-58.982,6.94
H002,20240112,-52.081,6.403
H002,20240124,-58.933,7.201
H002,20240205,-79.722,6.837
H002,20240217,-60.73,6.576
H002,20240229,-65.038,6.069
H002,20240312,-65.728,6.291
H002,20240324,-37.068,6.743
H002,20240405,-75.732,8.901
H002,20240417,-66.299,6.203
H002,20240429,-48.738,6.342
H002,20240511,-64.435,8.794
H002,20240523,-62.398,6.533
H002,20240604,-52.046,6.097
H002,20240616,-33.663,6.463
H002,20240710,-11.39,6.307
H002,20240722,-36.528,7.33
H002,20240803,-55.771,6.894
H002,20240815,-32.578,6.252
H002,20240827,-53.034,6.629
H002,20240908,-62.724,6.567
H002,20240920,-57.954,7.463
H002,20241002,-49.425,6.32
H002,20241014,-74.363,8.189
H002,20241026,-64.078,7.726
H002,20241107,-80.759,7.447
H002,20241119,-68.927,7.582
H002,20241213,-57.287,7.49
H002,20241225,-56.347,8.338
H002,20250106,-70.82,7.801
H002,20250118,-36.89,6.945
H002,20250130,-69.336,8.023
H002,20250211,-61.09,6.831
H002,20250223,-70.642,7.14
H002,20250307,-87.992,7.927
H002,20250319,-65.405,6.867
H002,20250331,-63.407,6.803
H002,20250412,-60.473,6.623
H002,20250424,-69.929,7.756
H002,20250506,-48.563,7.078
H002,20250530,-12.719,6.616
H002,20250611,-60.433,9.131
H002,20250623,-46.302,7.456
H002,20250705,-64.103,8.443
H002,20250717,-49.957,7.17
H002,20250729,-58.593,7.817
H002,20250810,-68.883,7.414
H002,20250822,-54.428,6.91
H002,20250903,-77.381,7.93
H002,20250915,-61.238,7.248
H002,20250927,-47.981,8.584
H003,20211006,0.0,0.0
H003,20211018,-4.785,1.835
H003,20211030,-16.143,1.681
H003,20211111,-18.52,1.309
H003,20211123,-22.04,1.741
H003,20211205,-14.381,1.708
H003,20211217,-14.568,1.743
H003,20211229,-19.052,2.037
H003,20220110,-19.536,1.849
H003,20220122,-21.341,2.083
H003,20220203,-20.965,1.788
H003,20220215,-18.298,1.82
H003,20220227,-5.529,2.175
H003,20220311,-38.085,2.044
H003,20220323,-13.943,4.123
H003,20220404,-30.669,1.86
H003,20220416,-35.294,1.629
H003,20220428,-20.435,2.503
H003,20220510,-14.479,1.846
H003,20220522,-27.048,1.879
H003,20220603,-17.726,2.049
H003,20220615,-5.205,2.938
H003,20220627,-35.773,4.076
H003,20220709,-13.603,3.229
H003,20220721,-20.719,4.8
H003,20220802,-14.071,4.474
H003,20220814,-18.853,4.563
H003,20220826,-12.16,4.294
H003,20220907,-23.885,4.481
H003,20220919,-33.905,4.16
H003,20221001,-46.37,4.553
H003,20221013,-38.407,4.423
H003,20221025,-23.953,4.599
H003,20221106,-35.105,4.512
H003,20221118,-29.949,4.481
H003,20221130,-34.78,4.489
H003,20221212,-26.599,4.427
H003,20221224,-24.659,4.535
H003,20230105,-29.181,4.498
H003,20230117,-24.099,4.624
H003,20230129,-31.468,4.676
H003,20230210,-37.765,4.508
H003,20230222,-43.005,5.063
H003,20230306,-42.707,4.593
H003,20230318,-41.501,5.618
H003,20230330,-67.443,6.462
H003,20230411,-36.838,5.41
H003,20230423,-43.769,5.214
H003,20230505,-40.611,5.78
H003,20230517,-84.744,5.47
H003,20230529,-41.037,5.5
H003,20230610,-47.989,5.588
H003,20230622,-56.24,5.896
H003,20230704,-19.181,6.169
H003,20230716,-4.213,5.302
H003,20230728,5.076,8.59
H003,20230809,-26.232,7.665
H003,20230821,-27.856,5.999
H003,20230902,-59.339,5.473
H003,20230914,-64.668,5.563
H003,20230926,-67.086,5.733
H003,20231008,-65.091,5.385
H003,20231020,-58.699,5.426
H003,20231101,-66.065,5.502
H003,20231113,-52.759,5.675
H003,20231125,-69.002,5.706
H003,20231207,-51.611,5.745
H003,20231219,-59.918,5.564
H003,20231231,-58.9,5.497
H003,20240112,-52.549,5.596
H003,20240124,-58.071,5.658
H003,20240205,-79.272,5.769
H003,20240217,-61.409,5.705
H003,20240229,-64.383,5.697
H003,20240312,-64.801,5.677
H003,20240324,-34.82,5.807
H003,20240405,-72.395,5.873
H003,20240417,-65.174,5.883
H003,20240429,-49.455,6.013
H003,20240511,-65.253,6.22
H003,20240523,-63.288,5.674
H003,20240604,-50.649,5.802
H003,20240616,-36.571,6.19
H003,20240710,-15.675,6.776
H003,20240722,-37.256,6.106
H003,20240803,-55.812,6.454
H003,20240815,-31.307,6.162
H003,20240827,-60.804,6.136
H003,20240908,-62.974,6.015
H003,20240920,-56.024,6.08
H003,20241002,-51.109,6.022
H003,20241014,-73.144,5.882
H003,20241026,-62.559,5.991
H003,20241107,-79.961,5.866
H003,20241119,-66.999,5.74
H003,20241213,-55.752,5.669
H003,20241225,-54.617,5.919
H003,20250106,-68.838,6.033
H003,20250118,-35.565,5.739
H003,20250130,-66.314,5.719
H003,20250211,-60.337,5.67
H003,20250223,-68.62,5.556
H003,20250307,-85.522,5.906
H003,20250319,-61.855,5.678
H003,20250331,-64.187,5.932
H003,20250412,-64.835,5.831
H003,20250424,-70.474,6.266
H003,20250506,-47.591,6.012
H003,20250530,-12.198,5.989
H003,20250611,-57.52,6.118
H003,20250623,-45.462,6.684
H003,20250705,-59.111,6.475
H003,20250717,-50.502,5.868
H003,20250729,-58.774,6.338
H003,20250810,-67.451,6.107
H003,20250822,-52.508,5.7
H003,20250903,-75.005,6.13
H003,20250915,-65.095,5.785
H003,20250927,-46.784,6.329
H004,20211006,0.0,-0.0
H004,20211018,5.58,1.161
H004,20211030,-2.337,1.197
H004,20211111,10.635,1.264
H004,20211123,-0.141,1.375
H004,20211205,-5.941,1.47
H004,20211217,-5.746,1.462
H004,20211229,-10.127,1.662
H004,20220110,-4.522,1.779
H004,20220122,-4.186,1.922
H004,20220203,-2.267,1.925
H004,20220215,-13.808,2.065
H004,20220227,-5.865,2.077
H004,20220311,-5.931,1.891
H004,20220323,-34.094,2.338
H004,20220404,-10.609,2.195
H004,20220416,15.805,2.223
H004,20220428,-2.68,2.479
H004,20220510,-5.592,2.035
H004,20220522,2.886,2.434
H004,20220603,-12.855,2.589
H004,20220615,-4.495,2.286
H004,20220627,-6.218,3.44
H004,20220709,-1.178,2.716
H004,20220721,-15.379,3.321
H004,20220802,-14.667,2.867
H004,20220814,-5.669,3.131
H004,20220826,-4.489,3.308
H004,20220907,-34.559,3.812
H004,20220919,-8.634,3.323
H004,20221001,4.433,3.545
H004,20221013,-5.331,3.651
H004,20221025,-7.748,3.588
H004,20221106,-6.337,3.608
H004,20221118,-11.228,3.567
H004,20221130,-13.151,3.775
H004,20221212,-15.642,3.887
H004,20221224,-14.046,4.026
H004,20230105,-17.771,4.116
H004,20230117,-14.211,4.276
H004,20230129,1.807,4.399
H004,20230210,-15.279,4.326
H004,20230222,-20.382,4.364
H004,20230306,-11.124,4.181
H004,20230318,-22.966,4.715
H004,20230330,3.769,4.67
H004,20230411,-36.014,4.53
H004,20230423,-17.008,4.743
H004,20230505,-25.475,4.407
H004,20230517,-2.759,4.468
H004,20230529,-20.153,4.693
H004,20230610,-16.26,4.927
H004,20230622,-27.823,4.813
H004,20230704,-12.931,5.192
H004,20230716,-15.175,5.394
H004,20230728,-34.942,5.089
H004,20230809,-9.83,5.279
H004,20230821,-6.648,5.274
H004,20230902,-21.565,5.439
H004,20230914,5.398,5.371
H004,20230926,-13.198,5.699
H004,20231008,-13.482,5.758
H004,20231020,-28.399,5.943
H004,20231101,-20.753,6.079
H004,20231113,-19.891,5.987
H004,20231125,-21.804,6.036
H004,20231207,-27.613,6.235
H004,20231219,-22.601,6.357
H004,20231231,-21.532,6.38
H004,20240112,-23.254,6.361
H004,20240124,-23.327,6.523
H004,20240205,-23.898,6.545
H004,20240217,-21.557,6.885
H004,20240229,-35.009,6.822
H004,20240312,-22.675,6.974
H004,20240324,-22.329,6.924
H004,20240405,-48.675,6.805
H004,20240417,-20.494,7.016
H004,20240429,-27.249,7.006
H004,20240511,-31.506,6.882
H004,20240523,-38.075,7.161
H004,20240604,-34.766,6.611
H004,20240616,-44.744,7.407
H004,20240710,-50.693,7.31
H004,20240722,-40.432,7.527
H004,20240803,-34.787,7.714
H004,20240815,-50.3,8.244
H004,20240827,-41.995,8.1
H004,20240908,-27.289,7.689
H004,20240920,-28.14,8.278
H004,20241002,-43.956,8.052
H004,20241014,-33.464,8.059
H004,20241026,-36.794,8.202
H004,20241107,-32.189,8.331
H004,20241119,-33.632,8.567
H004,20241213,-41.378,8.678
H004,20241225,-44.695,8.841
H004,20250106,-36.752,8.894
H004,20250118,-50.197,9.156
H004,20250130,-50.094,9.319
H004,20250211,-44.675,9.232
H004,20250223,-41.176,9.484
H004,20250307,-38.894,9.445
H004,20250319,-34.42,9.049
H004,20250331,-49.293,9.426
H004,20250412,-60.038,9.408
H004,20250424,-48.556,9.553
H004,20250506,-56.13,9.673
H004,20250530,-55.079,9.805
H004,20250611,-36.473,9.854
H004,20250623,-50.257,9.065
H004,20250705,-58.193,10.348
H004,20250717,-56.281,10.771
H004,20250729,-55.763,10.513
H004,20250810,-56.506,10.695
H004,20250822,-60.583,10.365
H004,20250903,-55.814,10.528
H004,20250915,-52.323,10.648
H004,20250927,-59.59,11.245
H005,20211006,0.0,-0.0
H005,20211018,0.364,0.906
H005,20211030,-8.514,1.015
H005,20211111,-16.388,1.112
H005,20211123,-16.694,1.104
H005,20211205,-4.567,1.354
H005,20211217,-3.878,1.128
H005,20211229,-2.928,1.125
H005,20220110,-13.817,1.099
H005,20220122,-10.249,1.24
H005,20220203,-13.483,1.158
H005,20220215,-7.922,1.527
H005,20220227,-3.476,1.403
H005,20220311,-19.518,1.525
H005,20220323,-4.076,1.947
H005,20220404,-21.675,1.484
H005,20220416,-19.933,1.589
H005,20220428,-12.173,1.43
H005,20220510,-13.061,1.664
H005,20220522,-20.652,1.792
H005,20220603,-30.058,1.861
H005,20220615,-0.834,3.541
H005,20220627,-23.686,1.941
H005,20220709,-9.569,2.344
H005,20220721,-4.179,3.461
H005,20220802,-4.975,3.061
H005,20220814,-27.018,2.872
H005,20220826,2.927,2.792
H005,20220907,-8.066,2.967
H005,20220919,-24.954,3.033
H005,20221001,-34.975,3.244
H005,20221013,-31.808,2.946
H005,20221025,-16.415,3.106
H005,20221106,-27.753,3.077
H005,20221118,-24.617,3.114
H005,20221130,-17.309,3.239
H005,20221212,-18.324,3.073
H005,20221224,-18.705,3.095
H005,20230105,-19.402,3.245
H005,20230117,-15.947,3.263
H005,20230129,-28.145,3.517
H005,20230210,-31.271,3.185
H005,20230222,-30.569,3.54
H005,20230306,-25.453,3.267
H005,20230318,-20.44,4.126
H005,20230330,-64.866,5.11
H005,20230411,-25.3,5.258
H005,20230423,-58.849,5.699
H005,20230505,-31.059,5.969
H005,20230517,-97.938,5.555
H005,20230529,-38.209,5.768
H005,20230610,-58.266,6.068
H005,20230622,-58.464,6.252
H005,20230704,-13.16,6.41
H005,20230716,24.189,6.378
H005,20230728,-1.693,6.628
H005,20230809,-55.778,6.298
H005,20230821,-41.451,6.655
H005,20230902,-49.997,6.616
H005,20230914,-55.477,6.258
H005,20230926,-76.388,6.345
H005,20231008,-56.926,6.384
H005,20231020,-50.644,6.316
H005,20231101,-58.436,6.409
H005,20231113,-50.896,6.362
H005,20231125,-59.88,6.48
H005,20231207,-53.755,6.262
H005,20231219,-56.164,6.531
H005,20231231,-54.72,6.56
H005,20240112,-47.266,6.354
H005,20240124,-56.402,6.665
H005,20240205,-74.447,6.588
H005,20240217,-55.843,6.586
H005,20240229,-54.48,6.605
H005,20240312,-61.056,6.737
H005,20240324,-34.18,6.503
H005,20240405,-62.979,6.661
H005,20240417,-55.487,6.768
H005,20240429,-48.788,6.53
H005,20240511,-52.347,6.83
H005,20240523,-94.293,7.164
H005,20240604,-43.767,6.898
H005,20240616,-29.855,7.126
H005,20240710,-17.556,7.134
H005,20240722,-45.505,7.108
H005,20240803,-71.072,6.864
H005,20240815,-32.468,7.302
H005,20240827,-44.605,7.593
H005,20240908,-50.912,7.27
H005,20240920,-56.893,7.404
H005,20241002,-10.491,7.483
H005,20241014,-73.991,7.241
H005,20241026,-63.171,6.891
H005,20241107,-71.394,7.126
H005,20241119,-65.885,7.016
H005,20241213,-50.487,6.985
H005,20241225,-55.48,7.212
H005,20250106,-70.361,7.183
H005,20250118,-27.895,7.251
H005,20250130,-65.45,7.151
H005,20250211,-54.536,7.31
H005,20250223,-62.085,7.415
H005,20250307,-78.515,7.32
H005,20250319,-61.331,7.35
H005,20250331,-54.737,7.348
H005,20250412,-46.849,7.447
H005,20250424,-63.428,7.545
H005,20250506,-31.785,7.598
H005,20250530,-24.617,7.688
H005,20250611,-61.833,7.165
H005,20250623,-37.57,7.358
H005,20250705,-63.116,7.436
H005,20250717,-48.921,7.18
H005,20250729,-55.48,7.634
H005,20250810,-69.109,7.617
H005,20250822,-57.789,7.38
H005,20250903,-67.026,7.796
H005,20250915,-58.578,7.418
H005,20250927,-44.538,7.743
