date,acquisition_key,burst_count,platforms,absolute_orbit,missing_bursts,burst_scene_names_json
2021-10-06,27|SENTINEL-1A|2021-10-06,4,SENTINEL-1A,39999,,"{""027_056011_IW2"": ""S1_056011_IW2_20211006T125536_VV_4BD1-BURST"", ""027_056012_IW2"": ""S1_056012_IW2_20211006T125539_VV_4BD1-BURST"", ""027_056013_IW2"": ""S1_056013_IW2_20211006T125541_VV_3B97-BURST"", ""027_056014_IW2"": ""S1_056014_IW2_20211006T125544_VV_3B97-BURST""}"
2021-10-18,27|SENTINEL-1A|2021-10-18,4,SENTINEL-1A,40174,,"{""027_056011_IW2"": ""S1_056011_IW2_20211018T125536_VV_F83A-BURST"", ""027_056012_IW2"": ""S1_056012_IW2_20211018T125539_VV_F83A-BURST"", ""027_056013_IW2"": ""S1_056013_IW2_20211018T125542_VV_8434-BURST"", ""027_056014_IW2"": ""S1_056014_IW2_20211018T125544_VV_8434-BURST""}"
2021-10-30,27|SENTINEL-1A|2021-10-30,4,SENTINEL-1A,40349,,"{""027_056011_IW2"": ""S1_056011_IW2_20211030T125536_VV_6B5A-BURST"", ""027_056012_IW2"": ""S1_056012_IW2_20211030T125539_VV_6B5A-BURST"", ""027_056013_IW2"": ""S1_056013_IW2_20211030T125542_VV_A8F8-BURST"", ""027_056014_IW2"": ""S1_056014_IW2_20211030T125544_VV_A8F8-BURST""}"
2021-11-11,27|SENTINEL-1A|2021-11-11,4,SENTINEL-1A,40524,,"{""027_056011_IW2"": ""S1_056011_IW2_20211111T125536_VV_B09E-BURST"", ""027_056012_IW2"": ""S1_056012_IW2_20211111T125538_VV_B09E-BURST"", ""027_056013_IW2"": ""S1_056013_IW2_20211111T125541_VV_EA07-BURST"", ""027_056014_IW2"": ""S1_056014_IW2_20211111T125544_VV_EA07-BURST""}"
2021-11-23,27|SENTINEL-1A|2021-11-23,4,SENTINEL-1A,40699,,"{""027_056011_IW2"": ""S1_056011_IW2_20211123T125535_VV_75A3-BURST"", ""027_056012_IW2"": ""S1_056012_IW2_20211123T125538_VV_75A3-BURST"", ""027_056013_IW2"": ""S1_056013_IW2_20211123T125541_VV_DD2D-BURST"", ""027_056014_IW2"": ""S1_056014_IW2_20211123T125544_VV_DD2D-BURST""}"
2021-12-05,27|SENTINEL-1A|2021-12-05,4,SENTINEL-1A,40874,,"{""027_056011_IW2"": ""S1_056011_IW2_20211205T125535_VV_6B05-BURST"", ""027_056012_IW2"": ""S1_056012_IW2_20211205T125538_VV_6B05-BURST"", ""027_056013_IW2"": ""S1_056013_IW2_20211205T125540_VV_AACE-BURST"", ""027_056014_IW2"": ""S1_056014_IW2_20211205T125543_VV_AACE-BURST""}"
2021-12-17,27|SENTINEL-1A|2021-12-17,4,SENTINEL-1A,41049,,"{""027_056011_IW2"": ""S1_056011_IW2_20211217T125534_VV_9F5A-BURST"", ""027_056012_IW2"": ""S1_056012_IW2_20211217T125537_VV_9F5A-BURST"", ""027_056013_IW2"": ""S1_056013_IW2_20211217T125540_VV_3ADB-BURST"", ""027_056014_IW2"": ""S1_056014_IW2_20211217T125543_VV_3ADB-BURST""}"
2021-12-29,27|SENTINEL-1A|2021-12-29,4,SENTINEL-1A,41224,,"{""027_056011_IW2"": ""S1_056011_IW2_20211229T125534_VV_F2C2-BURST"", ""027_056012_IW2"": ""S1_056012_IW2_20211229T125536_VV_F2C2-BURST"", ""027_056013_IW2"": ""S1_056013_IW2_20211229T125539_VV_DF14-BURST"", ""027_056014_IW2"": ""S1_056014_IW2_20211229T125542_VV_DF14-BURST""}"
2022-01-10,27|SENTINEL-1A|2022-01-10,4,SENTINEL-1A,41399,,"{""027_056011_IW2"": ""S1_056011_IW2_20220110T125533_VV_C5F0-BURST"", ""027_056012_IW2"": ""S1_056012_IW2_20220110T125536_VV_C5F0-BURST"", ""027_056013_IW2"": ""S1_056013_IW2_20220110T125539_VV_4A4F-BURST"", ""027_056014_IW2"": ""S1_056014_IW2_20220110T125542_VV_4A4F-BURST""}"
2022-01-22,27|SENTINEL-1A|2022-01-22,4,SENTINEL-1A,41574,,"{""027_056011_IW2"": ""S1_056011_IW2_20220122T125533_VV_7B5A-BURST"", ""027_056012_IW2"": ""S1_056012_IW2_20220122T125535_VV_7B5A-BURST"", ""027_056013_IW2"": ""S1_056013_IW2_20220122T125538_VV_2473-BURST"", ""027_056014_IW2"": ""S1_056014_IW2_20220122T125541_VV_2473-BURST""}"
2022-02-03,27|SENTINEL-1A|2022-02-03,4,SENTINEL-1A,41749,,"{""027_056011_IW2"": ""S1_056011_IW2_20220203T125532_VV_04F6-BURST"", ""027_056012_IW2"": ""S1_056012_IW2_20220203T125535_VV_04F6-BURST"", ""027_056013_IW2"": ""S1_056013_IW2_20220203T125538_VV_FCD4-BURST"", ""027_056014_IW2"": ""S1_056014_IW2_20220203T125540_VV_FCD4-BURST""}"
2022-02-15,27|SENTINEL-1A|2022-02-15,4,SENTINEL-1A,41924,,"{""027_056011_IW2"": ""S1_056011_IW2_20220215T125532_VV_3B5F-BURST"", ""027_056012_IW2"": ""S1_056012_IW2_20220215T125535_VV_3B5F-BURST"", ""027_056013_IW2"": ""S1_056013_IW2_20220215T125538_VV_FDC2-BURST"", ""027_056014_IW2"": ""S1_056014_IW2_20220215T125540_VV_FDC2-BURST""}"
2022-02-27,27|SENTINEL-1A|2022-02-27,4,SENTINEL-1A,42099,,"{""027_056011_IW2"": ""S1_056011_IW2_20220227T125532_VV_D031-BURST"", ""027_056012_IW2"": ""S1_056012_IW2_20220227T125535_VV_D031-BURST"", ""027_056013_IW2"": ""S1_056013_IW2_20220227T125537_VV_D61E-BURST"", ""027_056014_IW2"": ""S1_056014_IW2_20220227T125540_VV_D61E-BURST""}"
2022-03-11,27|SENTINEL-1A|2022-03-11,4,SENTINEL-1A,42274,,"{""027_056011_IW2"": ""S1_056011_IW2_20220311T125532_VV_236F-BURST"", ""027_056012_IW2"": ""S1_056012_IW2_20220311T125535_VV_236F-BURST"", ""027_056013_IW2"": ""S1_056013_IW2_20220311T125538_VV_7E32-BURST"", ""027_056014_IW2"": ""S1_056014_IW2_20220311T125540_VV_7E32-BURST""}"
2022-03-23,27|SENTINEL-1A|2022-03-23,4,SENTINEL-1A,42449,,"{""027_056011_IW2"": ""S1_056011_IW2_20220323T125532_VV_4807-BURST"", ""027_056012_IW2"": ""S1_056012_IW2_20220323T125535_VV_4807-BURST"", ""027_056013_IW2"": ""S1_056013_IW2_20220323T125538_VV_0DD9-BURST"", ""027_056014_IW2"": ""S1_056014_IW2_20220323T125541_VV_0DD9-BURST""}"
2022-04-04,27|SENTINEL-1A|2022-04-04,4,SENTINEL-1A,42624,,"{""027_056011_IW2"": ""S1_056011_IW2_20220404T125533_VV_FA07-BURST"", ""027_056012_IW2"": ""S1_056012_IW2_20220404T125535_VV_FA07-BURST"", ""027_056013_IW2"": ""S1_056013_IW2_20220404T125538_VV_6C4B-BURST"", ""027_056014_IW2"": ""S1_056014_IW2_20220404T125541_VV_6C4B-BURST""}"
2022-04-16,27|SENTINEL-1A|2022-04-16,4,SENTINEL-1A,42799,,"{""027_056011_IW2"": ""S1_056011_IW2_20220416T125533_VV_064F-BURST"", ""027_056012_IW2"": ""S1_056012_IW2_20220416T125536_VV_064F-BURST"", ""027_056013_IW2"": ""S1_056013_IW2_20220416T125538_VV_8E15-BURST"", ""027_056014_IW2"": ""S1_056014_IW2_20220416T125541_VV_8E15-BURST""}"
2022-04-28,27|SENTINEL-1A|2022-04-28,4,SENTINEL-1A,42974,,"{""027_056011_IW2"": ""S1_056011_IW2_20220428T125533_VV_880C-BURST"", ""027_056012_IW2"": ""S1_056012_IW2_20220428T125536_VV_880C-BURST"", ""027_056013_IW2"": ""S1_056013_IW2_20220428T125539_VV_F168-BURST"", ""027_056014_IW2"": ""S1_056014_IW2_20220428T125542_VV_F168-BURST""}"
2022-05-10,27|SENTINEL-1A|2022-05-10,4,SENTINEL-1A,43149,,"{""027_056011_IW2"": ""S1_056011_IW2_20220510T125534_VV_CE2D-BURST"", ""027_056012_IW2"": ""S1_056012_IW2_20220510T125537_VV_CE2D-BURST"", ""027_056013_IW2"": ""S1_056013_IW2_20220510T125540_VV_CF5B-BURST"", ""027_056014_IW2"": ""S1_056014_IW2_20220510T125542_VV_CF5B-BURST""}"
2022-05-22,27|SENTINEL-1A|2022-05-22,4,SENTINEL-1A,43324,,"{""027_056011_IW2"": ""S1_056011_IW2_20220522T125535_VV_FB43-BURST"", ""027_056012_IW2"": ""S1_056012_IW2_20220522T125538_VV_FB43-BURST"", ""027_056013_IW2"": ""S1_056013_IW2_20220522T125540_VV_9CA9-BURST"", ""027_056014_IW2"": ""S1_056014_IW2_20220522T125543_VV_9CA9-BURST""}"
2022-06-03,27|SENTINEL-1A|2022-06-03,4,SENTINEL-1A,43499,,"{""027_056011_IW2"": ""S1_056011_IW2_20220603T125536_VV_798B-BURST"", ""027_056012_IW2"": ""S1_056012_IW2_20220603T125539_VV_798B-BURST"", ""027_056013_IW2"": ""S1_056013_IW2_20220603T125541_VV_F280-BURST"", ""027_056014_IW2"": ""S1_056014_IW2_20220603T125544_VV_F280-BURST""}"
2022-06-15,27|SENTINEL-1A|2022-06-15,4,SENTINEL-1A,43674,,"{""027_056011_IW2"": ""S1_056011_IW2_20220615T125536_VV_E905-BURST"", ""027_056012_IW2"": ""S1_056012_IW2_20220615T125539_VV_E905-BURST"", ""027_056013_IW2"": ""S1_056013_IW2_20220615T125542_VV_2854-BURST"", ""027_056014_IW2"": ""S1_056014_IW2_20220615T125545_VV_2854-BURST""}"
2022-06-27,27|SENTINEL-1A|2022-06-27,4,SENTINEL-1A,43849,,"{""027_056011_IW2"": ""S1_056011_IW2_20220627T125537_VV_5A82-BURST"", ""027_056012_IW2"": ""S1_056012_IW2_20220627T125540_VV_5A82-BURST"", ""027_056013_IW2"": ""S1_056013_IW2_20220627T125543_VV_049A-BURST"", ""027_056014_IW2"": ""S1_056014_IW2_20220627T125546_VV_049A-BURST""}"
2022-07-09,27|SENTINEL-1A|2022-07-09,4,SENTINEL-1A,44024,,"{""027_056011_IW2"": ""S1_056011_IW2_20220709T125538_VV_E938-BURST"", ""027_056012_IW2"": ""S1_056012_IW2_20220709T125541_VV_E938-BURST"", ""027_056013_IW2"": ""S1_056013_IW2_20220709T125544_VV_1646-BURST"", ""027_056014_IW2"": ""S1_056014_IW2_20220709T125546_VV_1646-BURST""}"
2022-07-21,27|SENTINEL-1A|2022-07-21,4,SENTINEL-1A,44199,,"{""027_056011_IW2"": ""S1_056011_IW2_20220721T125539_VV_80CC-BURST"", ""027_056012_IW2"": ""S1_056012_IW2_20220721T125542_VV_80CC-BURST"", ""027_056013_IW2"": ""S1_056013_IW2_20220721T125544_VV_F9C6-BURST"", ""027_056014_IW2"": ""S1_056014_IW2_20220721T125547_VV_F9C6-BURST""}"
2022-08-02,27|SENTINEL-1A|2022-08-02,4,SENTINEL-1A,44374,,"{""027_056011_IW2"": ""S1_056011_IW2_20220802T125540_VV_2F4E-BURST"", ""027_056012_IW2"": ""S1_056012_IW2_20220802T125542_VV_2F4E-BURST"", ""027_056013_IW2"": ""S1_056013_IW2_20220802T125545_VV_BD8B-BURST"", ""027_056014_IW2"": ""S1_056014_IW2_20220802T125548_VV_BD8B-BURST""}"
2022-08-14,27|SENTINEL-1A|2022-08-14,4,SENTINEL-1A,44549,,"{""027_056011_IW2"": ""S1_056011_IW2_20220814T125540_VV_7CE5-BURST"", ""027_056012_IW2"": ""S1_056012_IW2_20220814T125543_VV_7CE5-BURST"", ""027_056013_IW2"": ""S1_056013_IW2_20220814T125546_VV_82F0-BURST"", ""027_056014_IW2"": ""S1_056014_IW2_20220814T125549_VV_82F0-BURST""}"
2022-08-26,27|SENTINEL-1A|2022-08-26,4,SENTINEL-1A,44724,,"{""027_056011_IW2"": ""S1_056011_IW2_20220826T125541_VV_B5B7-BURST"", ""027_056012_IW2"": ""S1_056012_IW2_20220826T125544_VV_B5B7-BURST"", ""027_056013_IW2"": ""S1_056013_IW2_20220826T125546_VV_F72C-BURST"", ""027_056014_IW2"": ""S1_056014_IW2_20220826T125549_VV_F72C-BURST""}"
2022-09-07,27|SENTINEL-1A|2022-09-07,4,SENTINEL-1A,44899,,"{""027_056011_IW2"": ""S1_056011_IW2_20220907T125542_VV_3B2E-BURST"", ""027_056012_IW2"": ""S1_056012_IW2_20220907T125544_VV_3B2E-BURST"", ""027_056013_IW2"": ""S1_056013_IW2_20220907T125547_VV_6E8F-BURST"", ""027_056014_IW2"": ""S1_056014_IW2_20220907T125550_VV_6E8F-BURST""}"
2022-09-19,27|SENTINEL-1A|2022-09-19,4,SENTINEL-1A,45074,,"{""027_056011_IW2"": ""S1_056011_IW2_20220919T125541_VV_62CE-BURST"", ""027_056012_IW2"": ""S1_056012_IW2_20220919T125544_VV_62CE-BURST"", ""027_056013_IW2"": ""S1_056013_IW2_20220919T125547_VV_EA41-BURST"", ""027_056014_IW2"": ""S1_056014_IW2_20220919T125550_VV_EA41-BURST""}"
2022-10-01,27|SENTINEL-1A|2022-10-01,4,SENTINEL-1A,45249,,"{""027_056011_IW2"": ""S1_056011_IW2_20221001T125542_VV_FF71-BURST"", ""027_056012_IW2"": ""S1_056012_IW2_20221001T125545_VV_FF71-BURST"", ""027_056013_IW2"": ""S1_056013_IW2_20221001T125548_VV_EC3F-BURST"", ""027_056014_IW2"": ""S1_056014_IW2_20221001T125550_VV_EC3F-BURST""}"
2022-10-13,27|SENTINEL-1A|2022-10-13,4,SENTINEL-1A,45424,,"{""027_056011_IW2"": ""S1_056011_IW2_20221013T125542_VV_E197-BURST"", ""027_056012_IW2"": ""S1_056012_IW2_20221013T125545_VV_E197-BURST"", ""027_056013_IW2"": ""S1_056013_IW2_20221013T125547_VV_7E77-BURST"", ""027_056014_IW2"": ""S1_056014_IW2_20221013T125550_VV_7E77-BURST""}"
2022-10-25,27|SENTINEL-1A|2022-10-25,4,SENTINEL-1A,45599,,"{""027_056011_IW2"": ""S1_056011_IW2_20221025T125542_VV_0DE5-BURST"", ""027_056012_IW2"": ""S1_056012_IW2_20221025T125545_VV_0DE5-BURST"", ""027_056013_IW2"": ""S1_056013_IW2_20221025T125548_VV_D74C-BURST"", ""027_056014_IW2"": ""S1_056014_IW2_20221025T125550_VV_D74C-BURST""}"
2022-11-06,27|SENTINEL-1A|2022-11-06,4,SENTINEL-1A,45774,,"{""027_056011_IW2"": ""S1_056011_IW2_20221106T125542_VV_9598-BURST"", ""027_056012_IW2"": ""S1_056012_IW2_20221106T125544_VV_9598-BURST"", ""027_056013_IW2"": ""S1_056013_IW2_20221106T125547_VV_AAC3-BURST"", ""027_056014_IW2"": ""S1_056014_IW2_20221106T125550_VV_AAC3-BURST""}"
2022-11-18,27|SENTINEL-1A|2022-11-18,4,SENTINEL-1A,45949,,"{""027_056011_IW2"": ""S1_056011_IW2_20221118T125542_VV_F1C1-BURST"", ""027_056012_IW2"": ""S1_056012_IW2_20221118T125544_VV_F1C1-BURST"", ""027_056013_IW2"": ""S1_056013_IW2_20221118T125547_VV_0F37-BURST"", ""027_056014_IW2"": ""S1_056014_IW2_20221118T125550_VV_0F37-BURST""}"
2022-11-30,27|SENTINEL-1A|2022-11-30,4,SENTINEL-1A,46124,,"{""027_056011_IW2"": ""S1_056011_IW2_20221130T125541_VV_55A5-BURST"", ""027_056012_IW2"": ""S1_056012_IW2_20221130T125544_VV_55A5-BURST"", ""027_056013_IW2"": ""S1_056013_IW2_20221130T125546_VV_DA89-BURST"", ""027_056014_IW2"": ""S1_056014_IW2_20221130T125549_VV_DA89-BURST""}"
2022-12-12,27|SENTINEL-1A|2022-12-12,4,SENTINEL-1A,46299,,"{""027_056011_IW2"": ""S1_056011_IW2_20221212T125541_VV_6083-BURST"", ""027_056012_IW2"": ""S1_056012_IW2_20221212T125543_VV_6083-BURST"", ""027_056013_IW2"": ""S1_056013_IW2_20221212T125546_VV_FA61-BURST"", ""027_056014_IW2"": ""S1_056014_IW2_20221212T125549_VV_FA61-BURST""}"
2022-12-24,27|SENTINEL-1A|2022-12-24,4,SENTINEL-1A,46474,,"{""027_056011_IW2"": ""S1_056011_IW2_20221224T125540_VV_964B-BURST"", ""027_056012_IW2"": ""S1_056012_IW2_20221224T125543_VV_964B-BURST"", ""027_056013_IW2"": ""S1_056013_IW2_20221224T125545_VV_8FE8-BURST"", ""027_056014_IW2"": ""S1_056014_IW2_20221224T125548_VV_8FE8-BURST""}"
2023-01-05,27|SENTINEL-1A|2023-01-05,4,SENTINEL-1A,46649,,"{""027_056011_IW2"": ""S1_056011_IW2_20230105T125539_VV_F306-BURST"", ""027_056012_IW2"": ""S1_056012_IW2_20230105T125542_VV_F306-BURST"", ""027_056013_IW2"": ""S1_056013_IW2_20230105T125545_VV_8C23-BURST"", ""027_056014_IW2"": ""S1_056014_IW2_20230105T125547_VV_8C23-BURST""}"
2023-01-17,27|SENTINEL-1A|2023-01-17,4,SENTINEL-1A,46824,,"{""027_056011_IW2"": ""S1_056011_IW2_20230117T125538_VV_848E-BURST"", ""027_056012_IW2"": ""S1_056012_IW2_20230117T125541_VV_848E-BURST"", ""027_056013_IW2"": ""S1_056013_IW2_20230117T125544_VV_56AE-BURST"", ""027_056014_IW2"": ""S1_056014_IW2_20230117T125547_VV_56AE-BURST""}"
2023-01-29,27|SENTINEL-1A|2023-01-29,4,SENTINEL-1A,46999,,"{""027_056011_IW2"": ""S1_056011_IW2_20230129T125539_VV_B64A-BURST"", ""027_056012_IW2"": ""S1_056012_IW2_20230129T125541_VV_B64A-BURST"", ""027_056013_IW2"": ""S1_056013_IW2_20230129T125544_VV_D8A3-BURST"", ""027_056014_IW2"": ""S1_056014_IW2_20230129T125547_VV_D8A3-BURST""}"
2023-02-10,27|SENTINEL-1A|2023-02-10,4,SENTINEL-1A,47174,,"{""027_056011_IW2"": ""S1_056011_IW2_20230210T125538_VV_DEB0-BURST"", ""027_056012_IW2"": ""S1_056012_IW2_20230210T125541_VV_DEB0-BURST"", ""027_056013_IW2"": ""S1_056013_IW2_20230210T125543_VV_4490-BURST"", ""027_056014_IW2"": ""S1_056014_IW2_20230210T125546_VV_4490-BURST""}"
2023-02-22,27|SENTINEL-1A|2023-02-22,4,SENTINEL-1A,47349,,"{""027_056011_IW2"": ""S1_056011_IW2_20230222T125537_VV_8A86-BURST"", ""027_056012_IW2"": ""S1_056012_IW2_20230222T125540_VV_8A86-BURST"", ""027_056013_IW2"": ""S1_056013_IW2_20230222T125543_VV_9A87-BURST"", ""027_056014_IW2"": ""S1_056014_IW2_20230222T125546_VV_9A87-BURST""}"
2023-03-06,27|SENTINEL-1A|2023-03-06,4,SENTINEL-1A,47524,,"{""027_056011_IW2"": ""S1_056011_IW2_20230306T125538_VV_71D7-BURST"", ""027_056012_IW2"": ""S1_056012_IW2_20230306T125540_VV_71D7-BURST"", ""027_056013_IW2"": ""S1_056013_IW2_20230306T125543_VV_DB6B-BURST"", ""027_056014_IW2"": ""S1_056014_IW2_20230306T125546_VV_DB6B-BURST""}"
2023-03-18,27|SENTINEL-1A|2023-03-18,4,SENTINEL-1A,47699,,"{""027_056011_IW2"": ""S1_056011_IW2_20230318T125538_VV_B3D6-BURST"", ""027_056012_IW2"": ""S1_056012_IW2_20230318T125540_VV_B3D6-BURST"", ""027_056013_IW2"": ""S1_056013_IW2_20230318T125543_VV_6AE0-BURST"", ""027_056014_IW2"": ""S1_056014_IW2_20230318T125546_VV_6AE0-BURST""}"
2023-03-30,27|SENTINEL-1A|2023-03-30,4,SENTINEL-1A,47874,,"{""027_056011_IW2"": ""S1_056011_IW2_20230330T125538_VV_34BA-BURST"", ""027_056012_IW2"": ""S1_056012_IW2_20230330T125541_VV_34BA-BURST"", ""027_056013_IW2"": ""S1_056013_IW2_20230330T125544_VV_7877-BURST"", ""027_056014_IW2"": ""S1_056014_IW2_20230330T125546_VV_7877-BURST""}"
2023-04-11,27|SENTINEL-1A|2023-04-11,4,SENTINEL-1A,48049,,"{""027_056011_IW2"": ""S1_056011_IW2_20230411T125539_VV_ED06-BURST"", ""027_056012_IW2"": ""S1_056012_IW2_20230411T125541_VV_ED06-BURST"", ""027_056013_IW2"": ""S1_056013_IW2_20230411T125544_VV_41A0-BURST"", ""027_056014_IW2"": ""S1_056014_IW2_20230411T125547_VV_41A0-BURST""}"
2023-04-23,27|SENTINEL-1A|2023-04-23,4,SENTINEL-1A,48224,,"{""027_056011_IW2"": ""S1_056011_IW2_20230423T125539_VV_33BF-BURST"", ""027_056012_IW2"": ""S1_056012_IW2_20230423T125542_VV_33BF-BURST"", ""027_056013_IW2"": ""S1_056013_IW2_20230423T125544_VV_176B-BURST"", ""027_056014_IW2"": ""S1_056014_IW2_20230423T125547_VV_176B-BURST""}"
2023-05-05,27|SENTINEL-1A|2023-05-05,4,SENTINEL-1A,48399,,"{""027_056011_IW2"": ""S1_056011_IW2_20230505T125539_VV_EEBD-BURST"", ""027_056012_IW2"": ""S1_056012_IW2_20230505T125542_VV_EEBD-BURST"", ""027_056013_IW2"": ""S1_056013_IW2_20230505T125545_VV_14B3-BURST"", ""027_056014_IW2"": ""S1_056014_IW2_20230505T125548_VV_14B3-BURST""}"
2023-05-17,27|SENTINEL-1A|2023-05-17,4,SENTINEL-1A,48574,,"{""027_056011_IW2"": ""S1_056011_IW2_20230517T125540_VV_960C-BURST"", ""027_056012_IW2"": ""S1_056012_IW2_20230517T125543_VV_960C-BURST"", ""027_056013_IW2"": ""S1_056013_IW2_20230517T125546_VV_8F8E-BURST"", ""027_056014_IW2"": ""S1_056014_IW2_20230517T125548_VV_8F8E-BURST""}"
2023-05-29,27|SENTINEL-1A|2023-05-29,4,SENTINEL-1A,48749,,"{""027_056011_IW2"": ""S1_056011_IW2_20230529T125541_VV_EC04-BURST"", ""027_056012_IW2"": ""S1_056012_IW2_20230529T125544_VV_EC04-BURST"", ""027_056013_IW2"": ""S1_056013_IW2_20230529T125546_VV_B769-BURST"", ""027_056014_IW2"": ""S1_056014_IW2_20230529T125549_VV_B769-BURST""}"
2023-06-10,27|SENTINEL-1A|2023-06-10,4,SENTINEL-1A,48924,,"{""027_056011_IW2"": ""S1_056011_IW2_20230610T125541_VV_B4A6-BURST"", ""027_056012_IW2"": ""S1_056012_IW2_20230610T125544_VV_B4A6-BURST"", ""027_056013_IW2"": ""S1_056013_IW2_20230610T125547_VV_04C0-BURST"", ""027_056014_IW2"": ""S1_056014_IW2_20230610T125549_VV_04C0-BURST""}"
2023-06-22,27|SENTINEL-1A|2023-06-22,4,SENTINEL-1A,49099,,"{""027_056011_IW2"": ""S1_056011_IW2_20230622T125542_VV_F4E7-BURST"", ""027_056012_IW2"": ""S1_056012_IW2_20230622T125544_VV_F4E7-BURST"", ""027_056013_IW2"": ""S1_056013_IW2_20230622T125547_VV_00B0-BURST"", ""027_056014_IW2"": ""S1_056014_IW2_20230622T125550_VV_00B0-BURST""}"
2023-07-04,27|SENTINEL-1A|2023-07-04,4,SENTINEL-1A,49274,,"{""027_056011_IW2"": ""S1_056011_IW2_20230704T125543_VV_A464-BURST"", ""027_056012_IW2"": ""S1_056012_IW2_20230704T125545_VV_A464-BURST"", ""027_056013_IW2"": ""S1_056013_IW2_20230704T125548_VV_5E18-BURST"", ""027_056014_IW2"": ""S1_056014_IW2_20230704T125551_VV_5E18-BURST""}"
2023-07-16,27|SENTINEL-1A|2023-07-16,4,SENTINEL-1A,49449,,"{""027_056011_IW2"": ""S1_056011_IW2_20230716T125544_VV_9FE5-BURST"", ""027_056012_IW2"": ""S1_056012_IW2_20230716T125546_VV_9FE5-BURST"", ""027_056013_IW2"": ""S1_056013_IW2_20230716T125549_VV_FE72-BURST"", ""027_056014_IW2"": ""S1_056014_IW2_20230716T125552_VV_FE72-BURST""}"
2023-07-28,27|SENTINEL-1A|2023-07-28,4,SENTINEL-1A,49624,,"{""027_056011_IW2"": ""S1_056011_IW2_20230728T125544_VV_9C0B-BURST"", ""027_056012_IW2"": ""S1_056012_IW2_20230728T125547_VV_9C0B-BURST"", ""027_056013_IW2"": ""S1_056013_IW2_20230728T125550_VV_F7F5-BURST"", ""027_056014_IW2"": ""S1_056014_IW2_20230728T125552_VV_F7F5-BURST""}"
2023-08-09,27|SENTINEL-1A|2023-08-09,4,SENTINEL-1A,49799,,"{""027_056011_IW2"": ""S1_056011_IW2_20230809T125544_VV_5670-BURST"", ""027_056012_IW2"": ""S1_056012_IW2_20230809T125547_VV_5670-BURST"", ""027_056013_IW2"": ""S1_056013_IW2_20230809T125550_VV_113B-BURST"", ""027_056014_IW2"": ""S1_056014_IW2_20230809T125552_VV_113B-BURST""}"
2023-08-21,27|SENTINEL-1A|2023-08-21,4,SENTINEL-1A,49974,,"{""027_056011_IW2"": ""S1_056011_IW2_20230821T125545_VV_5E26-BURST"", ""027_056012_IW2"": ""S1_056012_IW2_20230821T125548_VV_5E26-BURST"", ""027_056013_IW2"": ""S1_056013_IW2_20230821T125551_VV_9598-BURST"", ""027_056014_IW2"": ""S1_056014_IW2_20230821T125554_VV_9598-BURST""}"
2023-09-02,27|SENTINEL-1A|2023-09-02,4,SENTINEL-1A,50149,,"{""027_056011_IW2"": ""S1_056011_IW2_20230902T125546_VV_7981-BURST"", ""027_056012_IW2"": ""S1_056012_IW2_20230902T125549_VV_7981-BURST"", ""027_056013_IW2"": ""S1_056013_IW2_20230902T125552_VV_6DC2-BURST"", ""027_056014_IW2"": ""S1_056014_IW2_20230902T125555_VV_6DC2-BURST""}"
2023-09-14,27|SENTINEL-1A|2023-09-14,4,SENTINEL-1A,50324,,"{""027_056011_IW2"": ""S1_056011_IW2_20230914T125547_VV_557A-BURST"", ""027_056012_IW2"": ""S1_056012_IW2_20230914T125549_VV_557A-BURST"", ""027_056013_IW2"": ""S1_056013_IW2_20230914T125552_VV_BAAD-BURST"", ""027_056014_IW2"": ""S1_056014_IW2_20230914T125555_VV_BAAD-BURST""}"
2023-09-26,27|SENTINEL-1A|2023-09-26,4,SENTINEL-1A,50499,,"{""027_056011_IW2"": ""S1_056011_IW2_20230926T125547_VV_FA51-BURST"", ""027_056012_IW2"": ""S1_056012_IW2_20230926T125550_VV_FA51-BURST"", ""027_056013_IW2"": ""S1_056013_IW2_20230926T125553_VV_EA9D-BURST"", ""027_056014_IW2"": ""S1_056014_IW2_20230926T125555_VV_EA9D-BURST""}"
2023-10-08,27|SENTINEL-1A|2023-10-08,4,SENTINEL-1A,50674,,"{""027_056011_IW2"": ""S1_056011_IW2_20231008T125547_VV_A180-BURST"", ""027_056012_IW2"": ""S1_056012_IW2_20231008T125550_VV_A180-BURST"", ""027_056013_IW2"": ""S1_056013_IW2_20231008T125553_VV_5CEE-BURST"", ""027_056014_IW2"": ""S1_056014_IW2_20231008T125555_VV_5CEE-BURST""}"
2023-10-20,27|SENTINEL-1A|2023-10-20,4,SENTINEL-1A,50849,,"{""027_056011_IW2"": ""S1_056011_IW2_20231020T125547_VV_9875-BURST"", ""027_056012_IW2"": ""S1_056012_IW2_20231020T125550_VV_9875-BURST"", ""027_056013_IW2"": ""S1_056013_IW2_20231020T125553_VV_CD22-BURST"", ""027_056014_IW2"": ""S1_056014_IW2_20231020T125555_VV_CD22-BURST""}"
2023-11-01,27|SENTINEL-1A|2023-11-01,4,SENTINEL-1A,51024,,"{""027_056011_IW2"": ""S1_056011_IW2_20231101T125546_VV_CED9-BURST"", ""027_056012_IW2"": ""S1_056012_IW2_20231101T125549_VV_CED9-BURST"", ""027_056013_IW2"": ""S1_056013_IW2_20231101T125552_VV_46B6-BURST"", ""027_056014_IW2"": ""S1_056014_IW2_20231101T125555_VV_46B6-BURST""}"
2023-11-13,27|SENTINEL-1A|2023-11-13,4,SENTINEL-1A,51199,,"{""027_056011_IW2"": ""S1_056011_IW2_20231113T125547_VV_C755-BURST"", ""027_056012_IW2"": ""S1_056012_IW2_20231113T125549_VV_C755-BURST"", ""027_056013_IW2"": ""S1_056013_IW2_20231113T125552_VV_31F3-BURST"", ""027_056014_IW2"": ""S1_056014_IW2_20231113T125555_VV_31F3-BURST""}"
2023-11-25,27|SENTINEL-1A|2023-11-25,4,SENTINEL-1A,51374,,"{""027_056011_IW2"": ""S1_056011_IW2_20231125T125546_VV_FF98-BURST"", ""027_056012_IW2"": ""S1_056012_IW2_20231125T125549_VV_FF98-BURST"", ""027_056013_IW2"": ""S1_056013_IW2_20231125T125551_VV_CE78-BURST"", ""027_056014_IW2"": ""S1_056014_IW2_20231125T125554_VV_CE78-BURST""}"
2023-12-07,27|SENTINEL-1A|2023-12-07,4,SENTINEL-1A,51549,,"{""027_056011_IW2"": ""S1_056011_IW2_20231207T125546_VV_12CE-BURST"", ""027_056012_IW2"": ""S1_056012_IW2_20231207T125548_VV_12CE-BURST"", ""027_056013_IW2"": ""S1_056013_IW2_20231207T125551_VV_ECA9-BURST"", ""027_056014_IW2"": ""S1_056014_IW2_20231207T125554_VV_ECA9-BURST""}"
2023-12-19,27|SENTINEL-1A|2023-12-19,4,SENTINEL-1A,51724,,"{""027_056011_IW2"": ""S1_056011_IW2_20231219T125545_VV_C994-BURST"", ""027_056012_IW2"": ""S1_056012_IW2_20231219T125548_VV_C994-BURST"", ""027_056013_IW2"": ""S1_056013_IW2_20231219T125550_VV_14A3-BURST"", ""027_056014_IW2"": ""S1_056014_IW2_20231219T125553_VV_14A3-BURST""}"
2023-12-31,27|SENTINEL-1A|2023-12-31,4,SENTINEL-1A,51899,,"{""027_056011_IW2"": ""S1_056011_IW2_20231231T125544_VV_C241-BURST"", ""027_056012_IW2"": ""S1_056012_IW2_20231231T125547_VV_C241-BURST"", ""027_056013_IW2"": ""S1_056013_IW2_20231231T125550_VV_7288-BURST"", ""027_056014_IW2"": ""S1_056014_IW2_20231231T125553_VV_7288-BURST""}"
2024-01-12,27|SENTINEL-1A|2024-01-12,4,SENTINEL-1A,52074,,"{""027_056011_IW2"": ""S1_056011_IW2_20240112T125544_VV_7379-BURST"", ""027_056012_IW2"": ""S1_056012_IW2_20240112T125546_VV_7379-BURST"", ""027_056013_IW2"": ""S1_056013_IW2_20240112T125549_VV_5A0B-BURST"", ""027_056014_IW2"": ""S1_056014_IW2_20240112T125552_VV_5A0B-BURST""}"
2024-01-24,27|SENTINEL-1A|2024-01-24,4,SENTINEL-1A,52249,,"{""027_056011_IW2"": ""S1_056011_IW2_20240124T125543_VV_021D-BURST"", ""027_056012_IW2"": ""S1_056012_IW2_20240124T125546_VV_021D-BURST"", ""027_056013_IW2"": ""S1_056013_IW2_20240124T125549_VV_311F-BURST"", ""027_056014_IW2"": ""S1_056014_IW2_20240124T125552_VV_311F-BURST""}"
2024-02-05,27|SENTINEL-1A|2024-02-05,4,SENTINEL-1A,52424,,"{""027_056011_IW2"": ""S1_056011_IW2_20240205T125543_VV_8D90-BURST"", ""027_056012_IW2"": ""S1_056012_IW2_20240205T125546_VV_8D90-BURST"", ""027_056013_IW2"": ""S1_056013_IW2_20240205T125549_VV_645C-BURST"", ""027_056014_IW2"": ""S1_056014_IW2_20240205T125551_VV_645C-BURST""}"
2024-02-17,27|SENTINEL-1A|2024-02-17,4,SENTINEL-1A,52599,,"{""027_056011_IW2"": ""S1_056011_IW2_20240217T125543_VV_64BC-BURST"", ""027_056012_IW2"": ""S1_056012_IW2_20240217T125546_VV_64BC-BURST"", ""027_056013_IW2"": ""S1_056013_IW2_20240217T125548_VV_1DF9-BURST"", ""027_056014_IW2"": ""S1_056014_IW2_20240217T125551_VV_1DF9-BURST""}"
2024-02-29,27|SENTINEL-1A|2024-02-29,4,SENTINEL-1A,52774,,"{""027_056011_IW2"": ""S1_056011_IW2_20240229T125543_VV_61AC-BURST"", ""027_056012_IW2"": ""S1_056012_IW2_20240229T125546_VV_61AC-BURST"", ""027_056013_IW2"": ""S1_056013_IW2_20240229T125548_VV_30A1-BURST"", ""027_056014_IW2"": ""S1_056014_IW2_20240229T125551_VV_30A1-BURST""}"
2024-03-12,27|SENTINEL-1A|2024-03-12,4,SENTINEL-1A,52949,,"{""027_056011_IW2"": ""S1_056011_IW2_20240312T125543_VV_3C20-BURST"", ""027_056012_IW2"": ""S1_056012_IW2_20240312T125546_VV_3C20-BURST"", ""027_056013_IW2"": ""S1_056013_IW2_20240312T125548_VV_E305-BURST"", ""027_056014_IW2"": ""S1_056014_IW2_20240312T125551_VV_E305-BURST""}"
2024-03-24,27|SENTINEL-1A|2024-03-24,4,SENTINEL-1A,53124,,"{""027_056011_IW2"": ""S1_056011_IW2_20240324T125543_VV_5AC4-BURST"", ""027_056012_IW2"": ""S1_056012_IW2_20240324T125546_VV_5AC4-BURST"", ""027_056013_IW2"": ""S1_056013_IW2_20240324T125549_VV_4D5B-BURST"", ""027_056014_IW2"": ""S1_056014_IW2_20240324T125551_VV_4D5B-BURST""}"
2024-04-05,27|SENTINEL-1A|2024-04-05,4,SENTINEL-1A,53299,,"{""027_056011_IW2"": ""S1_056011_IW2_20240405T125544_VV_2A79-BURST"", ""027_056012_IW2"": ""S1_056012_IW2_20240405T125546_VV_2A79-BURST"", ""027_056013_IW2"": ""S1_056013_IW2_20240405T125549_VV_B8E9-BURST"", ""027_056014_IW2"": ""S1_056014_IW2_20240405T125552_VV_B8E9-BURST""}"
2024-04-17,27|SENTINEL-1A|2024-04-17,4,SENTINEL-1A,53474,,"{""027_056011_IW2"": ""S1_056011_IW2_20240417T125544_VV_A892-BURST"", ""027_056012_IW2"": ""S1_056012_IW2_20240417T125547_VV_A892-BURST"", ""027_056013_IW2"": ""S1_056013_IW2_20240417T125549_VV_A1E9-BURST"", ""027_056014_IW2"": ""S1_056014_IW2_20240417T125552_VV_A1E9-BURST""}"
2024-04-29,27|SENTINEL-1A|2024-04-29,4,SENTINEL-1A,53649,,"{""027_056011_IW2"": ""S1_056011_IW2_20240429T125544_VV_E520-BURST"", ""027_056012_IW2"": ""S1_056012_IW2_20240429T125547_VV_E520-BURST"", ""027_056013_IW2"": ""S1_056013_IW2_20240429T125550_VV_BE6B-BURST"", ""027_056014_IW2"": ""S1_056014_IW2_20240429T125553_VV_BE6B-BURST""}"
2024-05-11,27|SENTINEL-1A|2024-05-11,4,SENTINEL-1A,53824,,"{""027_056011_IW2"": ""S1_056011_IW2_20240511T125544_VV_4321-BURST"", ""027_056012_IW2"": ""S1_056012_IW2_20240511T125547_VV_4321-BURST"", ""027_056013_IW2"": ""S1_056013_IW2_20240511T125550_VV_1AC0-BURST"", ""027_056014_IW2"": ""S1_056014_IW2_20240511T125553_VV_1AC0-BURST""}"
2024-05-23,27|SENTINEL-1A|2024-05-23,4,SENTINEL-1A,53999,,"{""027_056011_IW2"": ""S1_056011_IW2_20240523T125544_VV_39C1-BURST"", ""027_056012_IW2"": ""S1_056012_IW2_20240523T125547_VV_39C1-BURST"", ""027_056013_IW2"": ""S1_056013_IW2_20240523T125550_VV_CF19-BURST"", ""027_056014_IW2"": ""S1_056014_IW2_20240523T125552_VV_CF19-BURST""}"
2024-06-04,27|SENTINEL-1A|2024-06-04,4,SENTINEL-1A,54174,,"{""027_056011_IW2"": ""S1_056011_IW2_20240604T125544_VV_14FF-BURST"", ""027_056012_IW2"": ""S1_056012_IW2_20240604T125546_VV_14FF-BURST"", ""027_056013_IW2"": ""S1_056013_IW2_20240604T125549_VV_7620-BURST"", ""027_056014_IW2"": ""S1_056014_IW2_20240604T125552_VV_7620-BURST""}"
2024-06-16,27|SENTINEL-1A|2024-06-16,4,SENTINEL-1A,54349,,"{""027_056011_IW2"": ""S1_056011_IW2_20240616T125543_VV_1515-BURST"", ""027_056012_IW2"": ""S1_056012_IW2_20240616T125546_VV_1515-BURST"", ""027_056013_IW2"": ""S1_056013_IW2_20240616T125549_VV_BA3A-BURST"", ""027_056014_IW2"": ""S1_056014_IW2_20240616T125552_VV_BA3A-BURST""}"
2024-07-10,27|SENTINEL-1A|2024-07-10,4,SENTINEL-1A,54699,,"{""027_056011_IW2"": ""S1_056011_IW2_20240710T125542_VV_2262-BURST"", ""027_056012_IW2"": ""S1_056012_IW2_20240710T125545_VV_2262-BURST"", ""027_056013_IW2"": ""S1_056013_IW2_20240710T125548_VV_33F3-BURST"", ""027_056014_IW2"": ""S1_056014_IW2_20240710T125550_VV_33F3-BURST""}"
2024-07-22,27|SENTINEL-1A|2024-07-22,4,SENTINEL-1A,54874,,"{""027_056011_IW2"": ""S1_056011_IW2_20240722T125542_VV_C137-BURST"", ""027_056012_IW2"": ""S1_056012_IW2_20240722T125545_VV_C137-BURST"", ""027_056013_IW2"": ""S1_056013_IW2_20240722T125547_VV_1896-BURST"", ""027_056014_IW2"": ""S1_056014_IW2_20240722T125550_VV_1896-BURST""}"
2024-08-03,27|SENTINEL-1A|2024-08-03,4,SENTINEL-1A,55049,,"{""027_056011_IW2"": ""S1_056011_IW2_20240803T125542_VV_B036-BURST"", ""027_056012_IW2"": ""S1_056012_IW2_20240803T125545_VV_B036-BURST"", ""027_056013_IW2"": ""S1_056013_IW2_20240803T125547_VV_A258-BURST"", ""027_056014_IW2"": ""S1_056014_IW2_20240803T125550_VV_A258-BURST""}"
2024-08-15,27|SENTINEL-1A|2024-08-15,4,SENTINEL-1A,55224,,"{""027_056011_IW2"": ""S1_056011_IW2_20240815T125542_VV_C805-BURST"", ""027_056012_IW2"": ""S1_056012_IW2_20240815T125544_VV_C805-BURST"", ""027_056013_IW2"": ""S1_056013_IW2_20240815T125547_VV_C153-BURST"", ""027_056014_IW2"": ""S1_056014_IW2_20240815T125550_VV_C153-BURST""}"
2024-08-27,27|SENTINEL-1A|2024-08-27,4,SENTINEL-1A,55399,,"{""027_056011_IW2"": ""S1_056011_IW2_20240827T125542_VV_1FE1-BURST"", ""027_056012_IW2"": ""S1_056012_IW2_20240827T125545_VV_1FE1-BURST"", ""027_056013_IW2"": ""S1_056013_IW2_20240827T125548_VV_E2A8-BURST"", ""027_056014_IW2"": ""S1_056014_IW2_20240827T125550_VV_E2A8-BURST""}"
2024-09-08,27|SENTINEL-1A|2024-09-08,4,SENTINEL-1A,55574,,"{""027_056011_IW2"": ""S1_056011_IW2_20240908T125542_VV_6F1B-BURST"", ""027_056012_IW2"": ""S1_056012_IW2_20240908T125545_VV_6F1B-BURST"", ""027_056013_IW2"": ""S1_056013_IW2_20240908T125548_VV_FCEB-BURST"", ""027_056014_IW2"": ""S1_056014_IW2_20240908T125551_VV_FCEB-BURST""}"
2024-09-20,27|SENTINEL-1A|2024-09-20,4,SENTINEL-1A,55749,,"{""027_056011_IW2"": ""S1_056011_IW2_20240920T125543_VV_F381-BURST"", ""027_056012_IW2"": ""S1_056012_IW2_20240920T125545_VV_F381-BURST"", ""027_056013_IW2"": ""S1_056013_IW2_20240920T125548_VV_37A9-BURST"", ""027_056014_IW2"": ""S1_056014_IW2_20240920T125551_VV_37A9-BURST""}"
2024-10-02,27|SENTINEL-1A|2024-10-02,4,SENTINEL-1A,55924,,"{""027_056011_IW2"": ""S1_056011_IW2_20241002T125543_VV_CA28-BURST"", ""027_056012_IW2"": ""S1_056012_IW2_20241002T125546_VV_CA28-BURST"", ""027_056013_IW2"": ""S1_056013_IW2_20241002T125548_VV_FAE6-BURST"", ""027_056014_IW2"": ""S1_056014_IW2_20241002T125551_VV_FAE6-BURST""}"
2024-10-14,27|SENTINEL-1A|2024-10-14,4,SENTINEL-1A,56099,,"{""027_056011_IW2"": ""S1_056011_IW2_20241014T125543_VV_897C-BURST"", ""027_056012_IW2"": ""S1_056012_IW2_20241014T125546_VV_897C-BURST"", ""027_056013_IW2"": ""S1_056013_IW2_20241014T125549_VV_168B-BURST"", ""027_056014_IW2"": ""S1_056014_IW2_20241014T125552_VV_168B-BURST""}"
2024-10-26,27|SENTINEL-1A|2024-10-26,4,SENTINEL-1A,56274,,"{""027_056011_IW2"": ""S1_056011_IW2_20241026T125543_VV_3FFB-BURST"", ""027_056012_IW2"": ""S1_056012_IW2_20241026T125546_VV_3FFB-BURST"", ""027_056013_IW2"": ""S1_056013_IW2_20241026T125549_VV_8420-BURST"", ""027_056014_IW2"": ""S1_056014_IW2_20241026T125551_VV_8420-BURST""}"
2024-11-07,27|SENTINEL-1A|2024-11-07,4,SENTINEL-1A,56449,,"{""027_056011_IW2"": ""S1_056011_IW2_20241107T125543_VV_7F06-BURST"", ""027_056012_IW2"": ""S1_056012_IW2_20241107T125546_VV_7F06-BURST"", ""027_056013_IW2"": ""S1_056013_IW2_20241107T125548_VV_DAA9-BURST"", ""027_056014_IW2"": ""S1_056014_IW2_20241107T125551_VV_DAA9-BURST""}"
2024-11-19,27|SENTINEL-1A|2024-11-19,4,SENTINEL-1A,56624,,"{""027_056011_IW2"": ""S1_056011_IW2_20241119T125542_VV_9DBC-BURST"", ""027_056012_IW2"": ""S1_056012_IW2_20241119T125545_VV_9DBC-BURST"", ""027_056013_IW2"": ""S1_056013_IW2_20241119T125548_VV_453A-BURST"", ""027_056014_IW2"": ""S1_056014_IW2_20241119T125551_VV_453A-BURST""}"
2024-12-13,27|SENTINEL-1A|2024-12-13,4,SENTINEL-1A,56974,,"{""027_056011_IW2"": ""S1_056011_IW2_20241213T125541_VV_755F-BURST"", ""027_056012_IW2"": ""S1_056012_IW2_20241213T125544_VV_755F-BURST"", ""027_056013_IW2"": ""S1_056013_IW2_20241213T125546_VV_A2BB-BURST"", ""027_056014_IW2"": ""S1_056014_IW2_20241213T125549_VV_A2BB-BURST""}"
2024-12-25,27|SENTINEL-1A|2024-12-25,4,SENTINEL-1A,57149,,"{""027_056011_IW2"": ""S1_056011_IW2_20241225T125539_VV_77A5-BURST"", ""027_056012_IW2"": ""S1_056012_IW2_20241225T125542_VV_77A5-BURST"", ""027_056013_IW2"": ""S1_056013_IW2_20241225T125545_VV_8B32-BURST"", ""027_056014_IW2"": ""S1_056014_IW2_20241225T125548_VV_8B32-BURST""}"
2025-01-06,27|SENTINEL-1A|2025-01-06,4,SENTINEL-1A,57324,,"{""027_056011_IW2"": ""S1_056011_IW2_20250106T125538_VV_4C4D-BURST"", ""027_056012_IW2"": ""S1_056012_IW2_20250106T125541_VV_4C4D-BURST"", ""027_056013_IW2"": ""S1_056013_IW2_20250106T125544_VV_E185-BURST"", ""027_056014_IW2"": ""S1_056014_IW2_20250106T125547_VV_E185-BURST""}"
2025-01-18,27|SENTINEL-1A|2025-01-18,4,SENTINEL-1A,57499,,"{""027_056011_IW2"": ""S1_056011_IW2_20250118T125537_VV_5061-BURST"", ""027_056012_IW2"": ""S1_056012_IW2_20250118T125540_VV_5061-BURST"", ""027_056013_IW2"": ""S1_056013_IW2_20250118T125543_VV_607E-BURST"", ""027_056014_IW2"": ""S1_056014_IW2_20250118T125545_VV_607E-BURST""}"
2025-01-30,27|SENTINEL-1A|2025-01-30,4,SENTINEL-1A,57674,,"{""027_056011_IW2"": ""S1_056011_IW2_20250130T125537_VV_95EE-BURST"", ""027_056012_IW2"": ""S1_056012_IW2_20250130T125539_VV_95EE-BURST"", ""027_056013_IW2"": ""S1_056013_IW2_20250130T125542_VV_4577-BURST"", ""027_056014_IW2"": ""S1_056014_IW2_20250130T125545_VV_4577-BURST""}"
2025-02-11,27|SENTINEL-1A|2025-02-11,4,SENTINEL-1A,57849,,"{""027_056011_IW2"": ""S1_056011_IW2_20250211T125536_VV_93A3-BURST"", ""027_056012_IW2"": ""S1_056012_IW2_20250211T125539_VV_93A3-BURST"", ""027_056013_IW2"": ""S1_056013_IW2_20250211T125542_VV_D918-BURST"", ""027_056014_IW2"": ""S1_056014_IW2_20250211T125544_VV_D918-BURST""}"
2025-02-23,27|SENTINEL-1A|2025-02-23,4,SENTINEL-1A,58024,,"{""027_056011_IW2"": ""S1_056011_IW2_20250223T125536_VV_96BF-BURST"", ""027_056012_IW2"": ""S1_056012_IW2_20250223T125539_VV_96BF-BURST"", ""027_056013_IW2"": ""S1_056013_IW2_20250223T125541_VV_C3A0-BURST"", ""027_056014_IW2"": ""S1_056014_IW2_20250223T125544_VV_C3A0-BURST""}"
2025-03-07,27|SENTINEL-1A|2025-03-07,4,SENTINEL-1A,58199,,"{""027_056011_IW2"": ""S1_056011_IW2_20250307T125536_VV_B7C9-BURST"", ""027_056012_IW2"": ""S1_056012_IW2_20250307T125539_VV_B7C9-BURST"", ""027_056013_IW2"": ""S1_056013_IW2_20250307T125542_VV_22BB-BURST"", ""027_056014_IW2"": ""S1_056014_IW2_20250307T125544_VV_22BB-BURST""}"
2025-03-19,27|SENTINEL-1A|2025-03-19,4,SENTINEL-1A,58374,,"{""027_056011_IW2"": ""S1_056011_IW2_20250319T125536_VV_6841-BURST"", ""027_056012_IW2"": ""S1_056012_IW2_20250319T125539_VV_6841-BURST"", ""027_056013_IW2"": ""S1_056013_IW2_20250319T125542_VV_4B1C-BURST"", ""027_056014_IW2"": ""S1_056014_IW2_20250319T125544_VV_4B1C-BURST""}"
2025-03-31,27|SENTINEL-1A|2025-03-31,4,SENTINEL-1A,58549,,"{""027_056011_IW2"": ""S1_056011_IW2_20250331T125537_VV_BB04-BURST"", ""027_056012_IW2"": ""S1_056012_IW2_20250331T125539_VV_BB04-BURST"", ""027_056013_IW2"": ""S1_056013_IW2_20250331T125542_VV_9A77-BURST"", ""027_056014_IW2"": ""S1_056014_IW2_20250331T125545_VV_9A77-BURST""}"
2025-04-12,27|SENTINEL-1A|2025-04-12,4,SENTINEL-1A,58724,,"{""027_056011_IW2"": ""S1_056011_IW2_20250412T125536_VV_A4A5-BURST"", ""027_056012_IW2"": ""S1_056012_IW2_20250412T125539_VV_A4A5-BURST"", ""027_056013_IW2"": ""S1_056013_IW2_20250412T125542_VV_4A2C-BURST"", ""027_056014_IW2"": ""S1_056014_IW2_20250412T125545_VV_4A2C-BURST""}"
2025-04-24,27|SENTINEL-1A|2025-04-24,4,SENTINEL-1A,58899,,"{""027_056011_IW2"": ""S1_056011_IW2_20250424T125537_VV_629F-BURST"", ""027_056012_IW2"": ""S1_056012_IW2_20250424T125539_VV_629F-BURST"", ""027_056013_IW2"": ""S1_056013_IW2_20250424T125542_VV_D030-BURST"", ""027_056014_IW2"": ""S1_056014_IW2_20250424T125545_VV_D030-BURST""}"
2025-05-06,27|SENTINEL-1A|2025-05-06,4,SENTINEL-1A,59074,,"{""027_056011_IW2"": ""S1_056011_IW2_20250506T125537_VV_DE01-BURST"", ""027_056012_IW2"": ""S1_056012_IW2_20250506T125539_VV_DE01-BURST"", ""027_056013_IW2"": ""S1_056013_IW2_20250506T125542_VV_6419-BURST"", ""027_056014_IW2"": ""S1_056014_IW2_20250506T125545_VV_6419-BURST""}"
2025-05-30,27|SENTINEL-1A|2025-05-30,4,SENTINEL-1A,59424,,"{""027_056011_IW2"": ""S1_056011_IW2_20250530T125536_VV_FD27-BURST"", ""027_056012_IW2"": ""S1_056012_IW2_20250530T125539_VV_FD27-BURST"", ""027_056013_IW2"": ""S1_056013_IW2_20250530T125541_VV_310D-BURST"", ""027_056014_IW2"": ""S1_056014_IW2_20250530T125544_VV_310D-BURST""}"
2025-06-11,27|SENTINEL-1A|2025-06-11,4,SENTINEL-1A,59599,,"{""027_056011_IW2"": ""S1_056011_IW2_20250611T125535_VV_69BA-BURST"", ""027_056012_IW2"": ""S1_056012_IW2_20250611T125538_VV_69BA-BURST"", ""027_056013_IW2"": ""S1_056013_IW2_20250611T125541_VV_D5A4-BURST"", ""027_056014_IW2"": ""S1_056014_IW2_20250611T125543_VV_D5A4-BURST""}"
2025-06-23,27|SENTINEL-1A|2025-06-23,4,SENTINEL-1A,59774,,"{""027_056011_IW2"": ""S1_056011_IW2_20250623T125535_VV_4FB8-BURST"", ""027_056012_IW2"": ""S1_056012_IW2_20250623T125537_VV_4FB8-BURST"", ""027_056013_IW2"": ""S1_056013_IW2_20250623T125540_VV_B190-BURST"", ""027_056014_IW2"": ""S1_056014_IW2_20250623T125543_VV_B190-BURST""}"
2025-07-05,27|SENTINEL-1A|2025-07-05,4,SENTINEL-1A,59949,,"{""027_056011_IW2"": ""S1_056011_IW2_20250705T125534_VV_D4EB-BURST"", ""027_056012_IW2"": ""S1_056012_IW2_20250705T125537_VV_D4EB-BURST"", ""027_056013_IW2"": ""S1_056013_IW2_20250705T125539_VV_71CB-BURST"", ""027_056014_IW2"": ""S1_056014_IW2_20250705T125542_VV_71CB-BURST""}"
2025-07-17,27|SENTINEL-1A|2025-07-17,4,SENTINEL-1A,60124,,"{""027_056011_IW2"": ""S1_056011_IW2_20250717T125533_VV_DF08-BURST"", ""027_056012_IW2"": ""S1_056012_IW2_20250717T125536_VV_DF08-BURST"", ""027_056013_IW2"": ""S1_056013_IW2_20250717T125539_VV_A66C-BURST"", ""027_056014_IW2"": ""S1_056014_IW2_20250717T125542_VV_A66C-BURST""}"
2025-07-29,27|SENTINEL-1A|2025-07-29,4,SENTINEL-1A,60299,,"{""027_056011_IW2"": ""S1_056011_IW2_20250729T125533_VV_48BF-BURST"", ""027_056012_IW2"": ""S1_056012_IW2_20250729T125536_VV_48BF-BURST"", ""027_056013_IW2"": ""S1_056013_IW2_20250729T125538_VV_DCD7-BURST"", ""027_056014_IW2"": ""S1_056014_IW2_20250729T125541_VV_DCD7-BURST""}"
2025-08-10,27|SENTINEL-1A|2025-08-10,4,SENTINEL-1A,60474,,"{""027_056011_IW2"": ""S1_056011_IW2_20250810T125533_VV_EB06-BURST"", ""027_056012_IW2"": ""S1_056012_IW2_20250810T125536_VV_EB06-BURST"", ""027_056013_IW2"": ""S1_056013_IW2_20250810T125538_VV_141F-BURST"", ""027_056014_IW2"": ""S1_056014_IW2_20250810T125541_VV_141F-BURST""}"
2025-08-22,27|SENTINEL-1A|2025-08-22,4,SENTINEL-1A,60649,,"{""027_056011_IW2"": ""S1_056011_IW2_20250822T125533_VV_6D36-BURST"", ""027_056012_IW2"": ""S1_056012_IW2_20250822T125536_VV_6D36-BURST"", ""027_056013_IW2"": ""S1_056013_IW2_20250822T125538_VV_EDA6-BURST"", ""027_056014_IW2"": ""S1_056014_IW2_20250822T125541_VV_EDA6-BURST""}"
2025-09-03,27|SENTINEL-1A|2025-09-03,4,SENTINEL-1A,60824,,"{""027_056011_IW2"": ""S1_056011_IW2_20250903T125533_VV_EAFA-BURST"", ""027_056012_IW2"": ""S1_056012_IW2_20250903T125536_VV_EAFA-BURST"", ""027_056013_IW2"": ""S1_056013_IW2_20250903T125539_VV_F040-BURST"", ""027_056014_IW2"": ""S1_056014_IW2_20250903T125541_VV_F040-BURST""}"
2025-09-15,27|SENTINEL-1A|2025-09-15,4,SENTINEL-1A,60999,,"{""027_056011_IW2"": ""S1_056011_IW2_20250915T125533_VV_74F8-BURST"", ""027_056012_IW2"": ""S1_056012_IW2_20250915T125536_VV_74F8-BURST"", ""027_056013_IW2"": ""S1_056013_IW2_20250915T125539_VV_8F0D-BURST"", ""027_056014_IW2"": ""S1_056014_IW2_20250915T125542_VV_8F0D-BURST""}"
2025-09-27,27|SENTINEL-1A|2025-09-27,4,SENTINEL-1A,61174,,"{""027_056011_IW2"": ""S1_056011_IW2_20250927T125534_VV_01C8-BURST"", ""027_056012_IW2"": ""S1_056012_IW2_20250927T125536_VV_01C8-BURST"", ""027_056013_IW2"": ""S1_056013_IW2_20250927T125539_VV_5367-BURST"", ""027_056014_IW2"": ""S1_056014_IW2_20250927T125542_VV_5367-BURST""}"
