producer,station,lat,lon,n_obs,first,last,exact_zero_fraction,constant_fraction,coverage_fraction,longest_gap_days,n_days,qc_class
delhi_sw_gw,40 MGD Nilothi STP,28.656607,77.055383,1995,2022-11-04 17:26:00,2024-07-31 06:00:00,1.0,0.9995,0.7921,94.09,503,FAIL_DEAD_SENSOR
delhi_sw_gw,Akshardham P-6 Rainywell,28.616121,77.28266,792,2024-01-02 12:00:00,2024-07-20 00:00:00,0.0,0.1174,1.005,1.25,201,FAIL_INSUFFICIENT_RECORD
delhi_sw_gw,Alipur_4,28.799178,77.137048,1893,2023-12-08 18:00:00,2025-07-14 12:00:00,0.1437,0.1622,0.8442,78.25,493,PASS_WITH_GAPS
delhi_sw_gw,Bakhtawarpur Village,28.830845,77.179796,1648,2023-12-08 00:00:00,2025-07-14 18:00:00,0.165,0.9672,0.7043,159.25,412,FAIL_DEAD_SENSOR
delhi_sw_gw,Bakkargarh Village,28.593893,76.876161,649,2022-11-04 17:56:00,2024-04-16 06:00:00,1.0,0.9985,0.3062,235.09,162,FAIL_DEAD_SENSOR
delhi_sw_gw,Baktavarpur 2,28.827877,77.162431,96,2023-03-06 12:42:00,2023-05-29 00:00:00,1.0,0.9896,0.2976,60.87,25,FAIL_DEAD_SENSOR
delhi_sw_gw,Barwala_4,28.764122,77.062335,2810,2023-03-06 10:16:00,2025-07-14 06:00:00,1.0,0.9996,0.8467,78.25,729,FAIL_DEAD_SENSOR
delhi_sw_gw,Bawana WTP,28.815964,7.057178,2865,2023-03-08 12:29:00,2025-07-14 00:00:00,1.0,0.9997,0.8708,78.25,748,FAIL_DEAD_SENSOR
delhi_sw_gw,Beri Wala Bagh,28.619525,77.107,1153,2023-10-25 06:00:00,2024-11-04 00:00:00,1.0,0.9991,0.7899,79.25,297,FAIL_DEAD_SENSOR
delhi_sw_gw,Bhagirathi WTP,28.704129,77.274827,1557,2023-03-06 12:50:00,2024-05-28 12:00:00,1.0,0.9994,0.8753,56.92,393,FAIL_DEAD_SENSOR
delhi_sw_gw,Bhalaswa Lake,28.743598,77.173068,2621,2023-03-06 15:04:00,2025-07-12 12:00:00,1.0,0.9996,0.7776,172.25,668,FAIL_DEAD_SENSOR
delhi_sw_gw,Bindapur Jal board Uttam Nagar,28.612391,77.073364,2472,2023-03-06 12:58:00,2025-07-06 00:00:00,1.0,0.9996,0.7562,137.25,645,FAIL_DEAD_SENSOR
delhi_sw_gw,Budhanpur Majra,28.767782,77.002478,577,2023-12-08 00:00:00,2024-05-03 18:00:00,0.3293,0.4367,1.0,0.5,148,FAIL_INSUFFICIENT_RECORD
delhi_sw_gw,Budhpur_1,28.782182,77.135933,1398,2023-10-24 18:00:00,2025-05-12 12:00:00,1.0,0.9993,0.6307,207.25,357,FAIL_DEAD_SENSOR
delhi_sw_gw,Burari_2,28.756228,77.196368,1920,2023-12-08 18:00:00,2025-07-14 12:00:00,0.1396,0.2057,0.8579,79.25,501,PASS_WITH_GAPS
delhi_sw_gw,Burari A-5 Rainy well,28.76879,77.206413,600,2024-04-03 18:00:00,2024-11-22 06:00:00,1.0,0.9983,0.6695,78.25,156,FAIL_DEAD_SENSOR
delhi_sw_gw,Burari Jal Board,28.733406,77.197952,2048,2023-10-26 00:00:00,2025-07-14 18:00:00,1.0,0.9995,0.8153,79.25,512,FAIL_DEAD_SENSOR
delhi_sw_gw,Chatesar_1,28.757685,76.96282,2920,2023-03-04 12:43:00,2025-07-14 12:00:00,1.0,0.9997,0.8806,78.25,760,FAIL_DEAD_SENSOR
delhi_sw_gw,Chawla Village 1,28.55598,77.006781,1993,2022-11-04 16:33:00,2025-07-14 00:00:00,1.0,0.9995,0.5412,353.96,532,FAIL_DEAD_SENSOR
delhi_sw_gw,Chhawla Village-2,28.564256,77.002377,3033,2022-11-04 18:00:00,2025-07-14 06:00:00,1.0,0.9997,0.8067,98.12,793,FAIL_DEAD_SENSOR
delhi_sw_gw,Chhawla Village-3,28.562713,77.008146,2895,2023-03-06 14:37:00,2025-07-14 18:00:00,1.0,0.9997,0.8411,79.25,725,FAIL_DEAD_SENSOR
delhi_sw_gw,Coronational Piller STP,28.724068,77.192602,2052,2023-10-26 00:00:00,2025-07-13 18:00:00,1.0,0.9995,0.8182,79.25,513,FAIL_DEAD_SENSOR
delhi_sw_gw,Daulatpur Site,28.543026,76.968245,1580,2022-11-05 11:11:00,2024-08-01 00:00:00,1.0,0.9994,0.6299,234.96,400,FAIL_DEAD_SENSOR
delhi_sw_gw,Dwarka Site STP,28.65661,77.007148,2463,2022-11-04 17:31:00,2025-01-20 06:00:00,1.0,0.9996,0.7834,93.11,633,FAIL_DEAD_SENSOR
delhi_sw_gw,Dwarka WTP,28.607861,77.004922,2510,2022-11-04 17:19:00,2025-02-02 00:00:00,1.0,0.9996,0.7795,93.02,640,FAIL_DEAD_SENSOR
delhi_sw_gw,Garhi Randala,28.725533,76.964817,2933,2023-03-06 16:13:00,2025-07-14 12:00:00,1.0,0.9997,0.8827,78.25,760,FAIL_DEAD_SENSOR
delhi_sw_gw,Ghalibpur_1,28.529587,76.879106,1571,2023-05-02 00:00:00,2024-05-30 12:00:00,1.0,0.9994,1.0,1.25,395,FAIL_DEAD_SENSOR
delhi_sw_gw,Ghummanhera,28.533259,76.928695,64,2022-12-23 13:35:00,2023-07-07 18:00:00,1.0,0.9844,0.0812,181.97,16,FAIL_DEAD_SENSOR
delhi_sw_gw,Hamidpur_1,28.828072,77.152017,2723,2023-03-08 10:36:00,2025-07-14 12:00:00,1.0,0.9996,0.8233,79.25,708,FAIL_DEAD_SENSOR
delhi_sw_gw,Hiranki_2,28.801228,77.181269,2180,2023-03-08 16:14:00,2025-06-15 18:00:00,1.0,0.9995,0.6558,106.8,545,FAIL_DEAD_SENSOR
delhi_sw_gw,Hiranki jal Board,28.799674,77.185994,1244,2023-03-08 13:01:00,2025-09-21 18:00:00,1.0,0.9992,0.3315,512.0,308,FAIL_DEAD_SENSOR
delhi_sw_gw,Holambi Kalan-1,28.796924,77.093506,2357,2023-03-08 12:56:00,2025-07-08 18:00:00,1.0,0.9996,0.692,210.25,591,FAIL_DEAD_SENSOR
delhi_sw_gw,Holambi Kalan-2,28.796751,77.17526,421,2023-03-08 11:09:00,2023-10-28 17:13:00,1.0,0.9976,0.4553,89.72,107,FAIL_DEAD_SENSOR
delhi_sw_gw,ITO V-7 Rainywell,28.627363,77.260293,267,2023-03-06 12:54:00,2023-07-10 18:00:00,1.0,0.9963,0.5276,61.19,67,FAIL_DEAD_SENSOR
delhi_sw_gw,Jaffarpur Kalan-1,28.59306,76.919752,2013,2022-11-04 16:27:00,2025-07-14 00:00:00,1.0,0.9995,0.5443,348.07,535,FAIL_DEAD_SENSOR
delhi_sw_gw,Jaffarpur Kalan-2,28.587139,76.924383,3047,2022-11-04 18:05:00,2025-07-14 06:00:00,1.0,0.9997,0.8098,99.98,796,FAIL_DEAD_SENSOR
delhi_sw_gw,Janak Puri BPS,28.626821,77.094117,20,2023-03-06 10:35:00,2024-02-11 20:30:00,1.0,0.95,0.0175,213.35,6,FAIL_DEAD_SENSOR
delhi_sw_gw,Janakpuri C-2 BPS,28.623384,77.085892,732,2023-11-24 12:00:00,2024-05-26 06:00:00,0.4426,0.4413,1.0054,1.25,185,FAIL_INSUFFICIENT_RECORD
delhi_sw_gw,Jat khor,28.783938,76.975912,250,2023-03-08 10:42:00,2023-05-22 12:00:00,1.0,0.996,0.8289,14.09,63,FAIL_DEAD_SENSOR
delhi_sw_gw,Jaunti_1,28.751257,76.962865,1004,2024-06-01 06:15:00,2025-05-23 18:00:00,0.0,0.1026,0.7031,78.25,251,FAIL_INSUFFICIENT_RECORD
delhi_sw_gw,Kair Viilage,28.623046,76.921139,1985,2023-02-16 20:42:00,2025-01-26 12:00:00,1.0,0.9995,0.7197,94.25,511,FAIL_DEAD_SENSOR
delhi_sw_gw,Kanjawala Village-2,28.74029,77.005833,350,2023-03-06 15:35:00,2023-06-29 06:13:00,1.0,0.9971,0.7913,15.76,91,FAIL_DEAD_SENSOR
delhi_sw_gw,Karala Village,28.738172,77.036871,1653,2023-03-06 15:12:00,2024-06-12 00:00:00,1.0,0.9994,0.9052,16.25,420,FAIL_DEAD_SENSOR
delhi_sw_gw,Keshopur (Hastal),28.654241,77.086034,2396,2023-03-06 15:08:00,2025-02-22 18:00:00,1.0,0.9996,0.8333,81.25,600,FAIL_DEAD_SENSOR
delhi_sw_gw,Khayala Jal Board,28.655815,77.107821,1996,2023-10-26 00:00:00,2025-07-14 18:00:00,1.0,0.9995,0.7946,67.25,499,FAIL_DEAD_SENSOR
delhi_sw_gw,Khera Kalan_1,28.770901,77.111818,1896,2023-12-08 06:00:00,2025-07-15 00:00:00,0.1429,0.2822,0.8444,79.25,494,PASS_WITH_GAPS
delhi_sw_gw,Madanpur Dabas-2,28.713549,77.024083,1056,2023-03-08 10:40:00,2024-08-01 12:00:00,1.0,0.9991,0.5224,206.11,268,FAIL_DEAD_SENSOR
delhi_sw_gw,Malikpur_2,28.549226,76.899343,2133,2023-04-04 06:00:00,2025-04-17 12:00:00,1.0,0.9995,0.7369,105.62,549,FAIL_DEAD_SENSOR
delhi_sw_gw,Mayapuri Phase-2,28.6225,77.123768,2678,2023-03-08 10:46:00,2025-07-14 12:00:00,1.0,0.9996,0.8023,79.5,690,FAIL_DEAD_SENSOR
delhi_sw_gw,Mitroan Village,28.606988,76.949855,1550,2023-04-05 00:00:00,2024-06-17 12:00:00,1.0,0.9994,0.8841,51.25,389,FAIL_DEAD_SENSOR
delhi_sw_gw,Mungeshpur_1,28.815643,76.973015,2496,2023-03-06 15:57:00,2025-03-10 12:00:00,1.0,0.9996,0.8803,55.0,647,FAIL_DEAD_SENSOR
delhi_sw_gw,Nangal Thakuran Village 1,28.798778,77.009323,1352,2023-03-06 11:39:00,2024-02-26 06:00:00,1.0,0.9993,0.9664,14.0,345,FAIL_DEAD_SENSOR
delhi_sw_gw,Nangal Thakuran Village-2,28.806685,77.008927,2387,2023-03-06 16:10:00,2025-05-22 18:00:00,1.0,0.9996,0.7478,182.25,605,FAIL_DEAD_SENSOR
delhi_sw_gw,Naya Bans,28.783548,77.096035,1870,2023-10-26 00:00:00,2025-07-14 12:00:00,1.0,0.9995,0.7596,133.25,477,FAIL_DEAD_SENSOR
delhi_sw_gw,Neelwal,28.667911,76.976996,377,2023-06-01 12:00:00,2023-09-03 06:00:00,1.0,0.9973,1.0106,0.5,95,FAIL_DEAD_SENSOR
delhi_sw_gw,New Delhi Bakkarwala Bakkarwala,28.667358,77.012916,2733,2022-08-30 18:00:00,2024-08-01 00:00:00,0.0,0.0241,0.9972,2.25,700,PASS
delhi_sw_gw,New Delhi Daurala Daurala,28.510715,76.894526,2709,2022-08-22 18:00:00,2025-10-14 12:00:00,0.0,0.4053,0.6171,224.5,709,PASS_WITH_GAPS
delhi_sw_gw,New Delhi DSIIDC DSIIDC,28.810556,77.081947,3191,2022-08-18 18:00:00,2025-02-19 12:00:00,0.0,0.0232,0.9061,78.75,830,PASS_WITH_GAPS
delhi_sw_gw,New Delhi Hiranki Hiranki 11500,28.799725,77.863054,1449,2023-03-30 18:00:00,2024-06-27 12:00:00,0.0,0.0186,0.8,93.65,364,FAIL_INSUFFICIENT_RECORD
delhi_sw_gw,New Delhi Hiranki Hiranki 12500,28.775829,77.204692,2152,2023-03-30 18:00:00,2025-09-03 00:00:00,0.0,0.0112,0.6667,181.25,592,PASS_WITH_GAPS
delhi_sw_gw,New Delhi Hiranki Hiranki 13500,28.874166,77.70472,330,2023-04-14 18:00:00,2023-07-06 12:00:00,0.0,0.0424,1.012,0.5,84,FAIL_INSUFFICIENT_RECORD
delhi_sw_gw,New Delhi Hiranki Hiranki 14500,28.478332,77.448893,1208,2023-03-30 18:00:00,2024-01-27 12:00:00,0.0,0.0141,1.0033,0.75,304,FAIL_INSUFFICIENT_RECORD
delhi_sw_gw,New Delhi Hiranki Hiranki 16000,28.790555,77.462778,2909,2023-03-30 18:00:00,2025-10-12 00:00:00,0.0,0.0103,0.8425,111.75,781,PASS_WITH_GAPS
delhi_sw_gw,New Delhi Jagatpur Jagatpur RD1450,28.7432,77.7138,2343,2023-03-27 06:00:00,2025-03-12 06:00:00,0.0,0.0162,0.8591,80.5,616,PASS_WITH_GAPS
delhi_sw_gw,New Delhi Jagatpur Jagatpur RD2800,28.716111,77.83278,2257,2023-08-03 14:17:00,2025-08-17 12:00:00,0.0,0.0758,0.8201,88.25,611,PASS_WITH_GAPS
delhi_sw_gw,New Delhi Jagatpur Jagatpur RD3750,28.697777,77.665558,1895,2023-03-30 18:00:00,2025-08-22 00:00:00,0.0,0.0069,0.5845,182.25,512,PASS_WITH_GAPS
delhi_sw_gw,New Delhi Khera Khurd Khera Khurd,28.78139,77.095556,3090,2022-08-17 18:00:00,2025-01-12 14:45:00,0.0,0.0045,0.9078,79.0,798,PASS_WITH_GAPS
delhi_sw_gw,New Delhi Libaspur Libaspur,28.751926,77.151187,1769,2023-05-25 06:00:00,2025-02-06 12:00:00,0.0,0.0254,0.7628,78.75,476,PASS_WITH_GAPS
delhi_sw_gw,New Delhi Mundella kalan Mundella kalan,28.610835,76.894722,2933,2022-08-16 18:00:00,2024-12-09 00:00:00,0.0,0.2185,0.9043,78.75,765,PASS_WITH_GAPS
delhi_sw_gw,New Delhi Mungeshpur Mungeshpur,28.516277,77.060958,3852,2022-08-27 18:00:00,2025-10-01 12:00:00,0.0,0.0138,0.9072,78.75,1026,PASS_WITH_GAPS
delhi_sw_gw,New Delhi Nangli Sarkrawati,28.619167,77.000275,3485,2022-06-19 18:00:00,2025-05-24 12:00:00,0.0,0.0143,0.8617,78.75,922,PASS_WITH_GAPS
delhi_sw_gw,New Delhi Nizampur Nizampur,28.719166,76.959724,1709,2022-08-17 18:00:00,2023-10-28 00:00:00,0.0,0.0193,0.9977,2.25,436,PASS
delhi_sw_gw,New Delhi Salahpur Salahpur,28.516111,77.060838,3497,2022-08-17 18:00:00,2025-06-15 00:00:00,0.0,0.2202,0.8945,78.25,924,PASS_WITH_GAPS
delhi_sw_gw,New Delhi Sultanpur Dabas,28.765278,77.038054,2798,2022-08-17 18:00:00,2024-08-01 00:00:00,0.0,0.02,0.9986,2.25,714,PASS
delhi_sw_gw,Nilothi STP/Lake,28.3924,77.0251,359,2022-11-04 17:11:00,2023-05-05 00:00:00,1.0,0.9972,0.4945,94.05,90,FAIL_DEAD_SENSOR
delhi_sw_gw,Nizampur-2,28.714187,76.961263,1520,2023-04-03 12:00:00,2024-05-30 00:00:00,1.0,0.9993,0.9054,42.25,383,FAIL_DEAD_SENSOR
delhi_sw_gw,Okhla Jal Board,28.541703,77.265,2048,2023-10-26 00:00:00,2025-07-14 18:00:00,1.0,0.9995,0.8153,79.25,512,FAIL_DEAD_SENSOR
delhi_sw_gw,Palam_1,28.606234,77.169772,2022,2023-10-25 06:00:00,2025-07-14 00:00:00,1.0,0.9995,0.8376,79.25,526,FAIL_DEAD_SENSOR
delhi_sw_gw,Punjab Khor,28.77285,76.959988,1971,2023-03-04 12:57:00,2024-07-31 12:00:00,1.0,0.9995,0.9689,11.13,499,FAIL_DEAD_SENSOR
delhi_sw_gw,Qutab Garh_1,28.804576,76.959129,221,2023-03-06 14:16:00,2023-05-10 06:00:00,1.0,0.9955,0.8769,10.2,57,FAIL_DEAD_SENSOR
delhi_sw_gw,Roshanara Lake,28.674318,77.198205,2003,2023-10-25 12:00:00,2025-07-14 06:00:00,1.0,0.9995,0.8455,78.25,531,FAIL_DEAD_SENSOR
delhi_sw_gw,Salahpur Majra,28.772453,76.99233,874,2023-03-08 12:17:00,2024-07-31 18:00:00,1.0,0.9989,0.4238,167.8,217,FAIL_DEAD_SENSOR
delhi_sw_gw,Samaspur khalsa,28.573101,76.898219,2537,2023-04-06 12:00:00,2025-07-02 18:00:00,1.0,0.9996,0.7668,86.25,628,FAIL_DEAD_SENSOR
delhi_sw_gw,Sannoth Lake,28.835116,77.048643,1616,2023-12-08 00:00:00,2025-06-11 18:00:00,0.1708,0.1708,0.7319,80.25,404,PASS_WITH_GAPS
delhi_sw_gw,Sarangpur_1,28.536307,76.889225,388,2021-01-01 19:00:00,2024-07-31 18:00:00,1.0,0.9974,0.0757,1208.96,99,FAIL_DEAD_SENSOR
delhi_sw_gw,Sawda_1,28.710593,76.985882,321,2023-04-01 12:00:00,2023-06-30 12:00:00,1.0,0.9969,1.0,1.09,91,FAIL_DEAD_SENSOR
delhi_sw_gw,Singhola_2,28.844571,77.120856,1899,2023-12-08 18:00:00,2025-07-13 12:00:00,0.1427,0.1543,0.8508,80.0,496,PASS_WITH_GAPS
delhi_sw_gw,Sonia Vihar BPS,28.71497,77.243025,1174,2023-12-07 18:00:00,2025-06-11 12:00:00,0.2317,0.2504,0.5562,231.25,307,FAIL_INSUFFICIENT_RECORD
delhi_sw_gw,Sonia Vihar WTP,28.712973,77.236647,2498,2023-03-06 16:04:00,2025-07-13 12:00:00,1.0,0.9996,0.7442,135.25,640,FAIL_DEAD_SENSOR
delhi_sw_gw,Tagore Garden_1,28.65757,77120175.0,1868,2023-12-07 18:00:00,2025-07-14 12:00:00,0.1478,0.2521,0.841,78.25,492,PASS_WITH_GAPS
delhi_sw_gw,Tajpur Kalan,28.840925,77.169846,1729,2023-03-06 14:22:00,2024-06-03 00:00:00,1.0,0.9994,0.9604,17.97,437,FAIL_DEAD_SENSOR
delhi_sw_gw,Tajpur Khurd,28.577042,77.013587,2928,2023-03-08 12:54:00,2025-07-14 18:00:00,1.0,0.9997,0.8523,80.25,733,FAIL_DEAD_SENSOR
delhi_sw_gw,Tikri Kalan_1,28.68067,76.966534,1490,2023-04-03 06:00:00,2024-04-16 18:00:00,1.0,0.9993,0.9895,2.25,376,FAIL_DEAD_SENSOR
delhi_sw_gw,Uttam Nagar-2,28.611554,77.073147,1552,2023-03-06 16:40:00,2024-06-05 00:00:00,1.0,0.9994,0.86,64.95,393,FAIL_DEAD_SENSOR
delhi_sw_gw,Vikas Puri,28.632295,77.072763,1990,2023-10-25 12:00:00,2025-07-13 06:00:00,1.0,0.9995,0.8581,79.25,538,FAIL_DEAD_SENSOR
delhi_sw_gw,Yamuna Bank V-8 Rainywell,28.627219,77.269839,274,2023-03-08 12:38:00,2023-07-11 06:00:00,1.0,0.9964,0.552,58.19,69,FAIL_DEAD_SENSOR
cgwb_delhi,Bakoli Deep Pz,28.8153,77.1517,2670,2023-09-07 00:00:00,2025-12-08 00:00:00,0.0,0.0472,0.8107,20.5,668,PASS
cgwb_delhi,Bakolishallow,28.8153,77.1517,2566,2023-08-21 18:00:00,2025-12-09 00:00:00,0.0,0.0592,0.7634,93.48,642,PASS_WITH_GAPS
cgwb_delhi,Bawana DJB JE Store,28.7869,77.03,2216,2023-09-01 00:00:00,2025-06-18 06:00:00,0.0,0.0117,0.8995,33.0,591,PASS_WITH_GAPS
cgwb_delhi,Bawana DJB WTP_1,28.8233,77.0536,2254,2023-09-01 00:00:00,2025-08-02 06:00:00,0.0,0.0195,0.886,38.0,622,PASS_WITH_GAPS
cgwb_delhi,Burari OJB Ex. Eng Office,28.7332,77.1974,2550,2023-09-01 00:00:00,2025-12-11 06:00:00,0.0,0.0455,0.8187,45.85,682,PASS_WITH_GAPS
cgwb_delhi,Coronation Pillar,28.7245,77.1925,2845,2023-08-31 00:00:00,2025-11-14 00:00:00,0.0,0.0612,0.891,12.21,719,PASS
cgwb_delhi,Daryapur Khurd_1,28.5342,76.9086,2614,2023-09-01 00:00:00,2025-12-11 00:00:00,0.0,0.0402,0.8595,44.75,716,PASS_WITH_GAPS
cgwb_delhi,Delhi Central CIVIL LINES Burari AugurPz,28.780696,77.201492,2066,2023-04-26 18:00:00,2025-08-01 00:00:00,0.0005,0.0813,0.6365,262.62,527,PASS_WITH_GAPS
cgwb_delhi,Delhi Central CIVIL LINES Jagatpur Pz 1,28.739897,77.2226,2626,2023-05-16 18:00:00,2025-09-02 00:00:00,0.0,0.0114,0.7988,131.5,671,PASS_WITH_GAPS
cgwb_delhi,Delhi East MAYUR VIHAR Chilla Regulator,28.587153,77.301025,3181,2023-05-16 18:00:00,2025-08-25 18:00:00,0.0,0.0088,0.9832,4.25,819,PASS
cgwb_delhi,Delhi_East_Mayur Vihar_Chilla Saroda Pz,28.616787,77.304421,3301,2023-05-16 18:00:00,2025-09-22 00:00:00,0.0,0.0112,0.9837,4.0,846,PASS
cgwb_delhi,Delhi East Mayur vihar Kondli DJB WTP,28.610828,77.322998,3184,2023-05-16 06:00:00,2025-09-06 00:00:00,0.0,0.0025,0.9763,4.0,824,PASS
cgwb_delhi,Delhi East PREET VIHAR Bank Enclave Pz,28.641098,77.271159,2956,2023-05-16 18:00:00,2025-07-02 00:00:00,0.0,0.0616,0.9833,9.25,765,PASS
cgwb_delhi,Delhi East PREET VIHAR Gujarat Vihar Pz,28.642264,77.2918,3280,2023-05-16 18:00:00,2025-09-22 00:00:00,0.0,0.0113,0.9791,4.0,842,PASS
cgwb_delhi,Delhi NAZUL LAND NAZUL LAND Shastri Park (Pz),28.675825,77.262026,2196,2023-05-16 18:00:00,2024-11-29 12:00:00,0.0,0.0141,0.9947,3.25,560,PASS
cgwb_delhi,Delhi New Delhi CHANAKYAPURI India Gate Pz,28.6125,77.225,3339,2023-04-28 18:00:00,2025-09-22 00:00:00,0.0,0.0183,0.9784,4.25,859,PASS
cgwb_delhi,Delhi New Delhi CHANAKYAPURI Mahabir Vansth.,28.605006,77.176548,2275,2023-05-01 06:00:00,2025-04-29 06:00:00,0.0,0.0088,0.7849,76.69,573,PASS_WITH_GAPS
cgwb_delhi,Delhi New Delhi DELHI CANTONMENT Cvd Depot Cantt (D),28.603516,77.111253,3275,2023-05-16 18:00:00,2025-09-22 12:00:00,0.0,0.0278,0.9744,6.75,838,PASS
cgwb_delhi,Delhi New Delhi VASANT VIHAR J N U Pz,28.537572,77.157268,3216,2023-05-16 18:00:00,2025-09-22 12:00:00,0.0,0.0127,0.9628,17.41,828,PASS
cgwb_delhi,Delhi New Delhi VASANT VIHAR Sultanpur IMS Pz,28.4894,77.1458,3232,2023-05-16 18:00:00,2025-09-22 00:00:00,0.0,0.0102,0.9663,7.25,831,PASS
cgwb_delhi,Delhi North ALIPUR Alipur Garhi Pz,28.7981,77.1244,3173,2023-05-16 06:00:00,2025-09-21 00:00:00,0.0,0.0025,0.9464,25.75,813,PASS
cgwb_delhi,Delhi North ALIPUR Haiderpur Pz,28.7289,77.1469,3081,2023-05-16 06:00:00,2025-07-21 00:00:00,0.0,0.0,0.9912,3.25,790,PASS
cgwb_delhi,Delhi North ALIPUR Hiranki Village Pz,28.8014,77.1808,3247,2023-05-16 06:00:00,2025-09-22 00:00:00,0.0,0.0055,0.9721,8.0,836,PASS
cgwb_delhi,Delhi North ALIPUR Palla Zero RD,28.8581,77.1964,2159,2023-04-27 18:00:00,2025-08-21 12:00:00,0.0,0.0195,0.6576,194.43,557,PASS_WITH_GAPS
cgwb_delhi,Delhi North ALIPUR Rohini Sector 28,28.7528,77.095,2785,2023-05-16 18:00:00,2025-06-25 14:08:00,0.0,0.0144,0.9222,27.5,711,PASS
cgwb_delhi,Delhi North ALIPUR Singhu Village Pz,28.8533,77.1311,2846,2023-05-16 18:00:00,2025-05-27 00:00:00,0.0,0.0,0.9852,7.5,731,PASS
cgwb_delhi,Delhi North East SEELAM PUR Ushmanpur Pz,28.684922,77.249118,3225,2023-05-16 18:00:00,2025-09-02 00:00:00,0.0,0.036,0.9798,7.75,823,PASS
cgwb_delhi,Delhi_North East_Yamuna Vihar_Gokulpuri E Pz,28.6708,77.3131,2290,2022-12-19 12:00:00,2024-07-23 06:00:00,0.0,0.0105,0.9828,6.25,572,PASS
cgwb_delhi,Delhi_North East_Yamuna Vihar_Yamuna Vihar DJB WTP,28.6281,77.3181,2746,2023-05-16 18:00:00,2025-04-27 00:00:00,0.0,0.3583,0.993,4.25,707,PASS
cgwb_delhi,Delhi North NARELA Auchandi Pz,28.8194,76.9972,2712,2023-05-16 18:00:00,2025-06-25 18:00:00,0.0,0.0229,0.8977,56.5,693,PASS_WITH_GAPS
cgwb_delhi,Delhi North NARELA Bankner Pz,28.8514,77.0736,3220,2023-04-27 18:00:00,2025-08-28 12:00:00,0.0,0.0031,0.966,7.5,825,PASS
cgwb_delhi,Delhi North NARELA Barwala Pz,28.7583,77.0625,2645,2023-05-16 18:00:00,2025-06-25 18:00:00,0.0,0.0166,0.864,102.5,667,PASS_WITH_GAPS
cgwb_delhi,Delhi North West ROHINI Mangolpuri Pz,28.6903,77.0792,3218,2023-05-16 18:00:00,2025-09-22 12:00:00,0.0,0.0479,0.9616,8.5,827,PASS
cgwb_delhi,Delhi North West ROHINI Rithala Pz Sec5 Rohini,28.715,77.1017,3223,2023-05-16 18:00:00,2025-09-22 00:00:00,0.0,0.0031,0.9756,4.25,839,PASS
cgwb_delhi,Delhi North West ROHINI Rohini Sec 11 Pz,28.7322,77.1044,2787,2023-05-16 06:00:00,2025-05-02 00:00:00,0.0,0.0133,0.9958,3.25,714,PASS
cgwb_delhi,Delhi North West SARASWATI VIHAR Qutabgarh Pz,28.8056,76.9647,2768,2023-05-16 06:00:00,2025-09-22 00:00:00,0.0,0.0195,0.8256,37.0,710,PASS_WITH_GAPS
cgwb_delhi,Delhi North West SARASWATI VIHAR Sainik Vihar(Pz),28.6911,77.1219,2910,2023-05-16 06:00:00,2025-09-22 06:00:00,0.0003,0.0041,0.863,101.75,743,PASS_WITH_GAPS
cgwb_delhi,Delhi_Shahdara_Shahdara_CBD Shahdara,28.6847,77.1994,3266,2023-05-16 18:00:00,2025-09-22 00:00:00,0.0,0.0067,0.9756,7.5,839,PASS
cgwb_delhi,Delhi South East DEFENCE COLONY Nangli Rajapur Pz,28.5944,77.2733,3677,2022-11-21 12:56:00,2025-08-06 00:00:00,0.0003,0.0155,0.9535,9.75,943,PASS
cgwb_delhi,Delhi South East KALKAJI Asola Pz,28.4125,77.2667,3233,2022-12-15 10:59:00,2025-03-21 12:00:00,0.0,0.0068,0.9879,8.75,818,PASS
cgwb_delhi,Delhi_South East_Kalkaji_Okhla DJB WTP,28.8347,77.0225,2383,2023-05-16 06:00:00,2025-08-25 00:00:00,0.0,0.0042,0.726,216.0,604,PASS_WITH_GAPS
cgwb_delhi,Delhi South HAUZ KHAS Hauz Khas Pz,28.547245,77.204833,2504,2023-04-28 18:00:00,2025-06-25 00:00:00,0.0,0.0084,0.815,123.25,643,PASS_WITH_GAPS
cgwb_delhi,Delhi South HAUZ KHAS Pusp Vihar Pz,28.527124,77.223113,3133,2023-05-16 18:00:00,2025-09-20 00:00:00,0.0,0.0051,0.9371,14.5,804,PASS
cgwb_delhi,Delhi South MEHRAULI Gadaipur Pz,28.4769,77.1561,2637,2023-05-16 13:48:00,2025-08-17 00:00:00,0.0,0.008,0.8544,29.0,704,PASS
cgwb_delhi,Delhi_South_Mehrauli_Jaunapur DJB TW,28.5783,77.1078,3225,2023-04-28 18:00:00,2025-08-21 00:00:00,0.0,0.014,0.9775,5.0,827,PASS
cgwb_delhi,Delhi South SAKET Bhatti Pz,28.4278,77.2083,2536,2023-05-15 18:00:00,2025-04-25 11:48:00,0.0,0.013,0.9015,61.0,641,PASS_WITH_GAPS
cgwb_delhi,Delhi South West DWARKA Dwarka S-16 (TP),28.581332,77.024241,3771,2022-11-24 14:38:00,2025-07-28 00:00:00,0.0,0.0133,0.9898,3.75,967,PASS
cgwb_delhi,"Delhi South West DWARKA Dwarka Sec-23,DDA Park Pz",28.565955,77.05051,3731,2022-11-24 13:28:00,2025-07-06 00:00:00,0.0,0.0155,0.9916,5.86,947,PASS
cgwb_delhi,"Delhi South West DWARKA Dwarka Sec-5,DDA Park Pz",28.594994,77.058065,3576,2022-11-24 12:23:00,2025-06-29 12:00:00,0.0,0.0042,0.9852,8.5,934,PASS
cgwb_delhi,Delhi South West KAPESHERA Chhawla Pz,28.5464,77.0094,3545,2022-12-02 13:38:00,2025-05-13 12:00:00,0.0,0.0028,1.0011,1.25,894,PASS
cgwb_delhi,Delhi South West KAPESHERA Daulatpur Pz,28.5431,76.9653,3906,2022-12-02 15:34:00,2025-09-22 12:00:00,0.0,0.0215,0.9785,4.5,1003,PASS
cgwb_delhi,Delhi South West NAJAFGARH Mandela Kalan Pz,28.6072,76.8939,3749,2022-12-05 11:22:00,2025-09-22 00:00:00,0.0,0.0149,0.9423,41.0,963,PASS_WITH_GAPS
cgwb_delhi,Delhi South West NAJAFGARH Najafgarh Town,28.6147,77.0006,3932,2022-12-05 13:12:00,2025-09-22 00:00:00,0.0,0.0076,0.9834,4.0,1005,PASS
cgwb_delhi,Delhi West PATEL NAGAR Vikashpuri Pz,28.63233,77.074891,3381,2022-11-26 13:59:00,2025-06-27 14:29:00,0.0,0.0074,0.9101,81.5,860,PASS_WITH_GAPS
cgwb_delhi,Delhi West PUNJABI BAGH Peeragarhi Pz,28.6781,77.0947,3794,2022-12-05 15:17:00,2025-09-22 00:00:00,0.0,0.009,0.9472,41.31,968,PASS_WITH_GAPS
cgwb_delhi,Delhi West RAJOURI GARDEN Mayapuri Pz,28.618502,77.111227,3956,2022-11-26 12:35:00,2025-09-22 00:00:00,0.0,0.0053,0.9806,4.25,1011,PASS
cgwb_delhi,Delhi_West_Rajouri Garden_Tagore Garden,28.644938,77.107787,2940,2023-05-16 18:00:00,2025-06-11 00:00:00,0.0,0.0109,0.9921,5.25,751,PASS
cgwb_delhi,gazipur crossing pz,28.628056,77.318056,1844,2023-09-01 00:00:00,2025-12-11 06:00:00,0.0,0.0293,0.6423,34.06,535,PASS_WITH_GAPS
cgwb_delhi,Jaitpur Khadar RD3500 Pz_1,28.5089,77.3406,1742,2024-04-30 12:00:00,2025-09-04 00:00:00,0.0,0.0373,0.9472,4.25,466,PASS
cgwb_delhi,Janakpuri Pz_1,28.63,77.09138889,2697,2023-09-01 00:00:00,2025-11-14 12:00:00,0.0,0.0508,0.8672,55.0,699,PASS_WITH_GAPS
cgwb_delhi,Kabulline Pz,28.5922,77.1275,2695,2023-09-08 00:00:00,2025-12-11 06:00:00,0.0,0.0449,0.8632,27.0,713,PASS
cgwb_delhi,Keshopur DJB WTP,28.6525,77.08638889,2141,2023-09-18 14:40:00,2025-05-24 06:00:00,0.0,0.0551,0.8257,38.26,507,PASS_WITH_GAPS
cgwb_delhi,Kewal Park,28.7185,77.1812,2292,2023-09-07 00:00:00,2025-12-11 06:00:00,0.0,0.0301,0.7461,86.87,617,PASS_WITH_GAPS
cgwb_delhi,Khera Kalan Pz_1,28.7694,77.1181,1950,2023-09-29 16:34:00,2025-12-11 06:00:00,0.0,0.0369,0.6455,188.75,519,PASS_WITH_GAPS
cgwb_delhi,Lalita Park (Pz),28.6325,77.2717,2606,2023-09-01 00:00:00,2025-12-11 06:00:00,0.0,0.0115,0.8223,52.22,685,PASS_WITH_GAPS
cgwb_delhi,LodhiGarden(5hallow),28.5903,77.2164,2696,2023-09-01 18:12:00,2025-12-09 12:01:00,0.0,0.0297,0.8422,36.75,699,PASS_WITH_GAPS
cgwb_delhi,LodhiGarden (Deep),28.5903,77.2164,3014,2023-09-01 00:00:00,2025-12-11 06:00:00,0.0,0.1257,0.8571,25.75,714,PASS
cgwb_delhi,Majara Dabas_1,28.7556,77.0058,2748,2023-09-07 00:00:00,2025-12-11 06:00:00,0.0,0.059,0.8767,30.75,725,PASS_WITH_GAPS
cgwb_delhi,Narela DJB WTP,28.83666667,77.13444444,2330,2023-09-01 00:00:00,2025-12-11 06:00:00,0.0,0.0176,0.7407,61.0,617,PASS_WITH_GAPS
cgwb_delhi,Nizampur_3,28.7194,76.9667,2239,2023-09-01 00:00:00,2025-12-11 06:00:00,0.0,0.0447,0.7371,30.75,614,PASS_WITH_GAPS
cgwb_delhi,Palla Temple_1,28.8225,77.2036,1959,2023-09-01 00:00:00,2025-08-28 18:00:00,0.0,0.0117,0.7569,71.0,551,PASS_WITH_GAPS
cgwb_delhi,PUSA (NRL) Pz,28.6392,77.1622,2721,2023-09-07 00:00:00,2025-12-11 00:00:00,0.0,0.0265,0.9008,20.5,745,PASS
cgwb_delhi,Qatlupur_2,28.841203,77.025598,937,2023-10-04 16:29:00,2025-03-20 11:30:00,0.5731,0.6564,0.4841,137.49,258,FAIL_DEAD_SENSOR
cgwb_delhi,Rohini Sector 1Pz,28.7028,77.0981,2666,2023-09-01 00:00:00,2025-12-11 06:00:00,0.0,0.0649,0.8331,48.5,694,PASS_WITH_GAPS
cgwb_delhi,"Rohini, Sector-23",28.7239,77.0711,2432,2023-09-01 00:00:00,2025-12-11 06:00:00,0.0,0.0424,0.7815,59.45,651,PASS_WITH_GAPS
cgwb_delhi,Samaipur Badli,28.7406,77.1525,2769,2023-09-01 00:00:00,2025-12-11 06:00:00,0.0,0.0101,0.8824,42.0,735,PASS_WITH_GAPS
cgwb_delhi,Sandesh Vihar Pz_1,28.695,77.1461,2530,2023-09-01 00:00:00,2025-12-05 18:00:00,0.0,0.0249,0.8005,93.06,662,PASS_WITH_GAPS
cgwb_delhi,Sanjay Van Pz_1,28.6903,77.1419,2879,2023-09-01 00:00:00,2025-12-11 06:00:00,0.0,0.0167,0.8956,20.5,746,PASS
cgwb_delhi,Shikarpur Deep Pz,28.5244,76.9533,2062,2023-09-01 00:00:00,2025-12-11 06:00:00,0.0,0.0369,0.6771,75.25,564,PASS_WITH_GAPS
cgwb_delhi,Shikarpur Shallow Pz,28.5247,76.9533,2524,2023-09-01 00:00:00,2025-12-05 18:00:00,0.0,0.0277,0.8029,56.5,664,PASS_WITH_GAPS
cgwb_delhi,Shram shakti bhawan 1_2,28.619974,77.212174,2072,2023-09-30 14:20:00,2025-05-03 06:00:00,0.2442,0.3731,0.9139,17.5,531,PASS
cgwb_delhi,Singhola Pz_2,28.8433333,77.129444,174,2023-10-14 12:00:00,2023-12-08 12:00:00,1.0,0.9943,0.9643,2.25,54,FAIL_DEAD_SENSOR
cgwb_delhi,Sonia Vihar_1,28.7078,77.249,8732,2023-06-07 06:00:00,2025-12-09 12:11:00,0.0,0.1694,0.8397,58.2,770,PASS_WITH_GAPS
cgwb_delhi,Sultanpur Dabas_1,28.765,77.0356,2516,2023-09-15 00:00:00,2025-10-19 18:00:00,0.0,0.033,0.8838,34.26,677,PASS_WITH_GAPS
cgwb_delhi,Sunder Nursery Pz,28.5961,77.245,2484,2023-09-01 00:00:00,2025-12-11 00:00:00,0.0,0.0354,0.7791,92.25,649,PASS_WITH_GAPS
cgwb_delhi,Surheda_2,28.603888,76.932222,1465,2023-09-30 16:46:00,2025-01-22 12:00:00,0.3242,0.4696,0.8208,51.52,394,PASS_WITH_GAPS
cgwb_delhi,Tiggipur Deep Pz_1,28.8147,77.1972,2879,2023-09-01 00:00:00,2025-12-11 06:00:00,0.0,0.0375,0.9148,18.75,762,PASS
cgwb_delhi,Tiggipur Shallow Pz_1,28.8147,77.1975,2897,2023-09-01 00:00:00,2025-12-11 06:00:00,0.0,0.0483,0.9136,19.25,761,PASS
cgwb_delhi,Tikri Kalan Pz_1,28.6833,76.9694,2429,2023-09-01 00:00:00,2025-11-02 18:00:00,0.0,0.042,0.8401,34.0,667,PASS_WITH_GAPS
cgwb_delhi,Ujwah Pz,28.5767,76.9142,2727,2023-09-01 00:00:00,2025-12-11 06:00:00,0.0,0.0238,0.8824,33.0,735,PASS_WITH_GAPS
cgwb_delhi,vivek vihar(Pz)_1,28.6708333,77.31305556,2761,2023-10-13 18:00:00,2025-12-11 06:00:00,0.1739,0.1952,0.9241,17.5,730,PASS
