producer,station,lat,lon,n_obs,first,last,exact_zero_fraction,constant_fraction,coverage_fraction,longest_gap_days,n_days,qc_class,d_H001,d_H004,d_H002,d_H003,min_d
delhi_sw_gw,Alipur_4,28.799178,77.137048,1893,2023-12-08 18:00:00,2025-07-14 12:00:00,0.1437,0.1622,0.8442,78.25,493,PASS_WITH_GAPS,31.384740830612472,30.618737712928088,6.442964094024729,5.48050756265414,5.48050756265414
delhi_sw_gw,Burari_2,28.756228,77.196368,1920,2023-12-08 18:00:00,2025-07-14 12:00:00,0.1396,0.2057,0.8579,79.25,501,PASS_WITH_GAPS,28.444478474266266,28.349772433985297,13.651980653013375,12.402361636435483,12.402361636435483
delhi_sw_gw,Khera Kalan_1,28.770901,77.111818,1896,2023-12-08 06:00:00,2025-07-15 00:00:00,0.1429,0.2822,0.8444,79.25,494,PASS_WITH_GAPS,27.92477792744884,26.98753290476309,6.1811415503805724,4.690272213182449,4.690272213182449
delhi_sw_gw,New Delhi Bakkarwala Bakkarwala,28.667358,77.012916,2733,2022-08-30 18:00:00,2024-08-01 00:00:00,0.0,0.0241,0.9972,2.25,700,PASS,17.57000136460294,15.472844159737507,17.46824579497145,16.509473296126213,15.472844159737507
delhi_sw_gw,New Delhi Daurala Daurala,28.510715,76.894526,2709,2022-08-22 18:00:00,2025-10-14 12:00:00,0.0,0.4053,0.6171,224.5,709,PASS_WITH_GAPS,18.28602367701979,15.916717015105615,38.09517419543758,37.27628801902016,15.916717015105615
delhi_sw_gw,New Delhi DSIIDC DSIIDC,28.810556,77.081947,3191,2022-08-18 18:00:00,2025-02-19 12:00:00,0.0,0.0232,0.9061,78.75,830,PASS_WITH_GAPS,32.17502555968541,30.938099827604603,0.9715752669463301,0.8120904599610209,0.8120904599610209
delhi_sw_gw,New Delhi Hiranki Hiranki 12500,28.775829,77.204692,2152,2023-03-30 18:00:00,2025-09-03 00:00:00,0.0,0.0112,0.6667,181.25,592,PASS_WITH_GAPS,30.76745017596618,30.650997360897495,13.512846947748908,12.434901541071202,12.434901541071202
delhi_sw_gw,New Delhi Hiranki Hiranki 16000,28.790555,77.462778,2909,2023-03-30 18:00:00,2025-10-12 00:00:00,0.0,0.0103,0.8425,111.75,781,PASS_WITH_GAPS,47.77652393137981,48.97095364203167,38.02943478752619,37.228890919440474,37.228890919440474
delhi_sw_gw,New Delhi Jagatpur Jagatpur RD1450,28.7432,77.7138,2343,2023-03-27 06:00:00,2025-03-12 06:00:00,0.0,0.0162,0.8591,80.5,616,PASS_WITH_GAPS,66.48298896300174,68.36201523265937,62.915299941745936,62.03739663918709,62.03739663918709
delhi_sw_gw,New Delhi Jagatpur Jagatpur RD2800,28.716111,77.83278,2257,2023-08-03 14:17:00,2025-08-17 12:00:00,0.0,0.0758,0.8201,88.25,611,PASS_WITH_GAPS,76.48669000340257,78.55133035931621,74.82490005306563,73.92088135165977,73.92088135165977
delhi_sw_gw,New Delhi Jagatpur Jagatpur RD3750,28.697777,77.665558,1895,2023-03-30 18:00:00,2025-08-22 00:00:00,0.0,0.0069,0.5845,182.25,512,PASS_WITH_GAPS,60.31938613837352,62.30400628556166,59.173213597265445,58.18229380523101,58.18229380523101
delhi_sw_gw,New Delhi Khera Khurd Khera Khurd,28.78139,77.095556,3090,2022-08-17 18:00:00,2025-01-12 14:45:00,0.0,0.0045,0.9078,79.0,798,PASS_WITH_GAPS,28.9652717326741,27.863253473741896,4.330463714842894,2.8191303547484505,2.8191303547484505
delhi_sw_gw,New Delhi Libaspur Libaspur,28.751926,77.151187,1769,2023-05-25 06:00:00,2025-02-06 12:00:00,0.0,0.0254,0.7628,78.75,476,PASS_WITH_GAPS,26.54672947932038,26.045361602095102,10.335535921150028,8.912144185033057,8.912144185033057
delhi_sw_gw,New Delhi Mundella kalan Mundella kalan,28.610835,76.894722,2933,2022-08-16 18:00:00,2024-12-09 00:00:00,0.0,0.2185,0.9043,78.75,765,PASS_WITH_GAPS,20.76885919766514,17.903342964456872,28.642101863609042,28.07238672707089,17.903342964456872
delhi_sw_gw,New Delhi Mungeshpur Mungeshpur,28.516277,77.060958,3852,2022-08-27 18:00:00,2025-10-01 12:00:00,0.0,0.0138,0.9072,78.75,1026,PASS_WITH_GAPS,2.0614796471918826,1.9692184715094738,33.26128388876907,31.975399024901836,1.9692184715094738
delhi_sw_gw,New Delhi Nangli Sarkrawati,28.619167,77.000275,3485,2022-06-19 18:00:00,2025-05-24 12:00:00,0.0,0.0143,0.8617,78.75,922,PASS_WITH_GAPS,13.463836044813549,10.960837545021095,22.93772649576979,21.936057593437624,10.960837545021095
delhi_sw_gw,New Delhi Nizampur Nizampur,28.719166,76.959724,1709,2022-08-17 18:00:00,2023-10-28 00:00:00,0.0,0.0193,0.9977,2.25,436,PASS,25.007750996398528,22.67914994453043,15.395361053473392,15.075565080840514,15.075565080840514
delhi_sw_gw,New Delhi Salahpur Salahpur,28.516111,77.060838,3497,2022-08-17 18:00:00,2025-06-15 00:00:00,0.0,0.2202,0.8945,78.25,924,PASS_WITH_GAPS,2.077737965744315,1.9837960717988523,33.28016236860364,31.99454076032495,1.9837960717988523
delhi_sw_gw,New Delhi Sultanpur Dabas,28.765278,77.038054,2798,2022-08-17 18:00:00,2024-08-01 00:00:00,0.0,0.02,0.9986,2.25,714,PASS,27.46643248842882,25.850288171544616,6.538050956277463,5.949100180867912,5.949100180867912
delhi_sw_gw,Sannoth Lake,28.835116,77.048643,1616,2023-12-08 00:00:00,2025-06-11 18:00:00,0.1708,0.1708,0.7319,80.25,404,PASS_WITH_GAPS,35.050997682681434,33.56692654184124,3.281458776173138,4.738460462866085,3.281458776173138
delhi_sw_gw,Singhola_2,28.844571,77.120856,1899,2023-12-08 18:00:00,2025-07-13 12:00:00,0.1427,0.1543,0.8508,80.0,496,PASS_WITH_GAPS,36.16371577061767,35.19578805253026,5.6521489078817835,6.0112906573825455,5.6521489078817835
delhi_sw_gw,Tagore Garden_1,28.65757,77120175.0,1868,2023-12-07 18:00:00,2025-07-14 12:00:00,0.1478,0.2521,0.841,78.25,492,PASS_WITH_GAPS,13653.261202998146,13652.012012571515,13620.621928176099,13621.916650275547,13620.621928176099
cgwb_delhi,Bakoli Deep Pz,28.8153,77.1517,2670,2023-09-07 00:00:00,2025-12-08 00:00:00,0.0,0.0472,0.8107,20.5,668,PASS,33.415981718934525,32.73416162076262,7.618778276412304,7.0165084187943085,7.0165084187943085
cgwb_delhi,Bakolishallow,28.8153,77.1517,2566,2023-08-21 18:00:00,2025-12-09 00:00:00,0.0,0.0592,0.7634,93.48,642,PASS_WITH_GAPS,33.415981718934525,32.73416162076262,7.618778276412304,7.0165084187943085,7.0165084187943085
cgwb_delhi,Bawana DJB JE Store,28.7869,77.03,2216,2023-09-01 00:00:00,2025-06-18 06:00:00,0.0,0.0117,0.8995,33.0,591,PASS_WITH_GAPS,29.965587509062576,28.307767713925898,5.27906741384412,5.2937389772768935,5.27906741384412
cgwb_delhi,Bawana DJB WTP_1,28.8233,77.0536,2254,2023-09-01 00:00:00,2025-08-02 06:00:00,0.0,0.0195,0.886,38.0,622,PASS_WITH_GAPS,33.70056019535053,32.2470513708357,2.1377207795383395,3.47450639887745,2.1377207795383395
cgwb_delhi,Burari OJB Ex. Eng Office,28.7332,77.1974,2550,2023-09-01 00:00:00,2025-12-11 06:00:00,0.0,0.0455,0.8187,45.85,682,PASS_WITH_GAPS,26.15546095120934,26.194323217985506,15.131615820077938,13.765201660620937,13.765201660620937
cgwb_delhi,Coronation Pillar,28.7245,77.1925,2845,2023-08-31 00:00:00,2025-11-14 00:00:00,0.0,0.0612,0.891,12.21,719,PASS,25.076567539213166,25.120917993530448,15.370360440122859,13.960602698489703,13.960602698489703
cgwb_delhi,Daryapur Khurd_1,28.5342,76.9086,2614,2023-09-01 00:00:00,2025-12-11 00:00:00,0.0,0.0402,0.8595,44.75,716,PASS_WITH_GAPS,16.93364633413792,14.341074229634987,35.14400769373916,34.325953003258725,14.341074229634987
cgwb_delhi,Delhi Central CIVIL LINES Burari AugurPz,28.780696,77.201492,2066,2023-04-26 18:00:00,2025-08-01 00:00:00,0.0005,0.0813,0.6365,262.62,527,PASS_WITH_GAPS,31.1471654688394,30.983170350357604,13.048703533830933,12.007763831401869,12.007763831401869
cgwb_delhi,Delhi Central CIVIL LINES Jagatpur Pz 1,28.739897,77.2226,2626,2023-05-16 18:00:00,2025-09-02 00:00:00,0.0,0.0114,0.7988,131.5,671,PASS_WITH_GAPS,27.95622641924301,28.178055482234925,16.771382955337558,15.497825399562517,15.497825399562517
cgwb_delhi,Delhi East MAYUR VIHAR Chilla Regulator,28.587153,77.301025,3181,2023-05-16 18:00:00,2025-08-25 18:00:00,0.0,0.0088,0.9832,4.25,819,PASS,22.678983681667823,24.724896487237032,33.69663785862995,32.22155340120374,22.678983681667823
cgwb_delhi,Delhi_East_Mayur Vihar_Chilla Saroda Pz,28.616787,77.304421,3301,2023-05-16 18:00:00,2025-09-22 00:00:00,0.0,0.0112,0.9837,4.0,846,PASS,24.24330702979263,26.02880199485602,31.52575324779282,30.081304441475666,24.24330702979263
cgwb_delhi,Delhi East Mayur vihar Kondli DJB WTP,28.610828,77.322998,3184,2023-05-16 06:00:00,2025-09-06 00:00:00,0.0,0.0025,0.9763,4.0,824,PASS,25.621710602631357,27.51707405034261,33.29351397037646,31.860220309808746,25.621710602631357
cgwb_delhi,Delhi East PREET VIHAR Bank Enclave Pz,28.641098,77.271159,2956,2023-05-16 18:00:00,2025-07-02 00:00:00,0.0,0.0616,0.9833,9.25,765,PASS,22.834829112036587,24.237946139133655,27.31745625018272,25.867847632152042,22.834829112036587
cgwb_delhi,Delhi East PREET VIHAR Gujarat Vihar Pz,28.642264,77.2918,3280,2023-05-16 18:00:00,2025-09-22 00:00:00,0.0,0.0113,0.9791,4.0,842,PASS,24.57010491444261,26.06861439347435,28.685665844274475,27.2612953927818,24.57010491444261
cgwb_delhi,Delhi NAZUL LAND NAZUL LAND Shastri Park (Pz),28.675825,77.262026,2196,2023-05-16 18:00:00,2024-11-29 12:00:00,0.0,0.0141,0.9947,3.25,560,PASS,24.63595182313763,25.652480128579466,24.04157435409557,22.63683229665858,22.63683229665858
cgwb_delhi,Delhi New Delhi CHANAKYAPURI India Gate Pz,28.6125,77.225,3339,2023-04-28 18:00:00,2025-09-22 00:00:00,0.0,0.0183,0.9784,4.25,859,PASS,17.32061707890998,18.75773431319585,26.950004477098673,25.44307129453437,17.32061707890998
cgwb_delhi,Delhi New Delhi CHANAKYAPURI Mahabir Vansth.,28.605006,77.176548,2275,2023-05-01 06:00:00,2025-04-29 06:00:00,0.0,0.0088,0.7849,76.69,573,PASS_WITH_GAPS,13.166962500922226,14.266847519692119,25.441556144609404,23.9376903788222,13.166962500922226
cgwb_delhi,Delhi New Delhi DELHI CANTONMENT Cvd Depot Cantt (D),28.603516,77.111253,3275,2023-05-16 18:00:00,2025-09-22 12:00:00,0.0,0.0278,0.9744,6.75,838,PASS,9.609220889071002,9.524204376260748,23.82444155259038,22.41009183534158,9.524204376260748
cgwb_delhi,Delhi New Delhi VASANT VIHAR J N U Pz,28.537572,77.157268,3216,2023-05-16 18:00:00,2025-09-22 12:00:00,0.0,0.0127,0.9628,17.41,828,PASS,7.641554319601806,9.962541485624037,31.934204714032813,30.47014028773719,7.641554319601806
cgwb_delhi,Delhi New Delhi VASANT VIHAR Sultanpur IMS Pz,28.4894,77.1458,3232,2023-05-16 18:00:00,2025-09-22 00:00:00,0.0,0.0102,0.9663,7.25,831,PASS,7.22678997721653,10.092060777765353,36.9079041537105,35.472308550111514,7.22678997721653
cgwb_delhi,Delhi North ALIPUR Alipur Garhi Pz,28.7981,77.1244,3173,2023-05-16 06:00:00,2025-09-21 00:00:00,0.0,0.0025,0.9464,25.75,813,PASS,31.075777283856066,30.204250137388776,5.3114407936804255,4.268256882766917,4.268256882766917
cgwb_delhi,Delhi North ALIPUR Haiderpur Pz,28.7289,77.1469,3081,2023-05-16 06:00:00,2025-07-21 00:00:00,0.0,0.0,0.9912,3.25,790,PASS,23.96633555900182,23.511728364930363,11.969408575273938,10.473862197052354,10.473862197052354
cgwb_delhi,Delhi North ALIPUR Hiranki Village Pz,28.8014,77.1808,3247,2023-05-16 06:00:00,2025-09-22 00:00:00,0.0,0.0055,0.9721,8.0,836,PASS,32.634335214803606,32.22429239746947,10.566599185383128,9.726686139668189,9.726686139668189
cgwb_delhi,Delhi North ALIPUR Palla Zero RD,28.8581,77.1964,2159,2023-04-27 18:00:00,2025-08-21 12:00:00,0.0,0.0195,0.6576,194.43,557,PASS_WITH_GAPS,39.10786374429064,38.64606862798328,12.886701834780455,12.78667831941377,12.78667831941377
cgwb_delhi,Delhi North ALIPUR Rohini Sector 28,28.7528,77.095,2785,2023-05-16 18:00:00,2025-06-25 14:08:00,0.0,0.0144,0.9222,27.5,711,PASS,25.7874647127632,24.711359513725228,7.248040328557926,5.778747865267317,5.778747865267317
cgwb_delhi,Delhi North ALIPUR Singhu Village Pz,28.8533,77.1311,2846,2023-05-16 18:00:00,2025-05-27 00:00:00,0.0,0.0,0.9852,7.5,731,PASS,37.24603182267183,36.34046744001595,7.030560730810746,7.3979608204447365,7.030560730810746
cgwb_delhi,Delhi North East SEELAM PUR Ushmanpur Pz,28.684922,77.249118,3225,2023-05-16 18:00:00,2025-09-02 00:00:00,0.0,0.036,0.9798,7.75,823,PASS,24.491475478679334,25.33485622582788,22.42690886440088,21.02164700657319,21.02164700657319
cgwb_delhi,Delhi_North East_Yamuna Vihar_Gokulpuri E Pz,28.6708,77.3131,2290,2022-12-19 12:00:00,2024-07-23 06:00:00,0.0,0.0105,0.9828,6.25,572,PASS,28.086874121058973,29.439632013589847,28.345801890847707,27.003227721289626,27.003227721289626
cgwb_delhi,Delhi_North East_Yamuna Vihar_Yamuna Vihar DJB WTP,28.6281,77.3181,2746,2023-05-16 18:00:00,2025-04-27 00:00:00,0.0,0.3583,0.993,4.25,707,PASS,26.00003455940188,27.732901846268337,31.650375854171074,30.23485361767764,26.00003455940188
cgwb_delhi,Delhi North NARELA Auchandi Pz,28.8194,76.9972,2712,2023-05-16 18:00:00,2025-06-25 18:00:00,0.0,0.0229,0.8977,56.5,693,PASS_WITH_GAPS,34.15843743606944,32.31560715632439,7.448169141364838,8.358631713393336,7.448169141364838
cgwb_delhi,Delhi North NARELA Bankner Pz,28.8514,77.0736,3220,2023-04-27 18:00:00,2025-08-28 12:00:00,0.0,0.0031,0.966,7.5,825,PASS,36.72429741447761,35.41567621084061,4.025273690845277,5.396844777701556,4.025273690845277
cgwb_delhi,Delhi North NARELA Barwala Pz,28.7583,77.0625,2645,2023-05-16 18:00:00,2025-06-25 18:00:00,0.0,0.0166,0.864,102.5,667,PASS_WITH_GAPS,26.428114809808452,25.02848482201422,6.417171190662229,5.318700425316345,5.318700425316345
cgwb_delhi,Delhi North West ROHINI Mangolpuri Pz,28.6903,77.0792,3218,2023-05-16 18:00:00,2025-09-22 12:00:00,0.0,0.0479,0.9616,8.5,827,PASS,18.804205603985373,17.611540035499978,13.899377066768443,12.566269404195474,12.566269404195474
cgwb_delhi,Delhi North West ROHINI Rithala Pz Sec5 Rohini,28.715,77.1017,3223,2023-05-16 18:00:00,2025-09-22 00:00:00,0.0,0.0031,0.9756,4.25,839,PASS,21.64141016741608,20.70337728673769,11.47580850308205,10.02372361054646,10.02372361054646
cgwb_delhi,Delhi North West ROHINI Rohini Sec 11 Pz,28.7322,77.1044,2787,2023-05-16 06:00:00,2025-05-02 00:00:00,0.0,0.0133,0.9958,3.25,714,PASS,23.57024268502269,22.627822658095536,9.708152705243704,8.228397385791062,8.228397385791062
cgwb_delhi,Delhi North West SARASWATI VIHAR Qutabgarh Pz,28.8056,76.9647,2768,2023-05-16 06:00:00,2025-09-22 00:00:00,0.0,0.0195,0.8256,37.0,710,PASS_WITH_GAPS,33.60793943519112,31.54498841076795,10.654133101761879,11.334788583508912,10.654133101761879
cgwb_delhi,Delhi North West SARASWATI VIHAR Sainik Vihar(Pz),28.6911,77.1219,2910,2023-05-16 06:00:00,2025-09-22 06:00:00,0.0003,0.0041,0.863,101.75,743,PASS_WITH_GAPS,19.303320069689317,18.708866770075574,14.583652669176466,13.09777665024726,13.09777665024726
cgwb_delhi,Delhi_Shahdara_Shahdara_CBD Shahdara,28.6847,77.1994,3266,2023-05-16 18:00:00,2025-09-22 00:00:00,0.0,0.0067,0.9756,7.5,839,PASS,21.528011978062608,21.932121972832906,19.005569192041484,17.526035499027408,17.526035499027408
cgwb_delhi,Delhi South East DEFENCE COLONY Nangli Rajapur Pz,28.5944,77.2733,3677,2022-11-21 12:56:00,2025-08-06 00:00:00,0.0003,0.0155,0.9535,9.75,943,PASS,20.442302684630686,22.338544499904952,31.345109866023392,29.855639840533954,20.442302684630686
cgwb_delhi,Delhi South East KALKAJI Asola Pz,28.4125,77.2667,3233,2022-12-15 10:59:00,2025-03-21 12:00:00,0.0,0.0068,0.9879,8.75,818,PASS,21.783852647822872,24.63732577314584,48.58761367990963,47.08464431082336,21.783852647822872
cgwb_delhi,Delhi_South East_Kalkaji_Okhla DJB WTP,28.8347,77.0225,2383,2023-05-16 06:00:00,2025-08-25 00:00:00,0.0,0.0042,0.726,216.0,604,PASS_WITH_GAPS,35.32845702076711,33.667512896765174,5.420844102979439,6.683733663480935,5.420844102979439
cgwb_delhi,Delhi South HAUZ KHAS Hauz Khas Pz,28.547245,77.204833,2504,2023-04-28 18:00:00,2025-06-25 00:00:00,0.0,0.0084,0.815,123.25,643,PASS_WITH_GAPS,12.410386993394734,14.67916448882819,32.43300118981047,30.929011995366192,12.410386993394734
cgwb_delhi,Delhi South HAUZ KHAS Pusp Vihar Pz,28.527124,77.223113,3133,2023-05-16 18:00:00,2025-09-20 00:00:00,0.0,0.0051,0.9371,14.5,804,PASS,13.870461436834454,16.398627908823816,35.20148228183693,33.69450166088926,13.870461436834454
cgwb_delhi,Delhi South MEHRAULI Gadaipur Pz,28.4769,77.1561,2637,2023-05-16 13:48:00,2025-08-17 00:00:00,0.0,0.008,0.8544,29.0,704,PASS,8.814429065376942,11.668544720204686,38.47118407547177,37.026666586666046,8.814429065376942
cgwb_delhi,Delhi_South_Mehrauli_Jaunapur DJB TW,28.5783,77.1078,3225,2023-04-28 18:00:00,2025-08-21 00:00:00,0.0,0.014,0.9775,5.0,827,PASS,6.856562765336039,7.157508821159544,26.553710637051953,25.155094378141,6.856562765336039
cgwb_delhi,Delhi South SAKET Bhatti Pz,28.4278,77.2083,2536,2023-05-15 18:00:00,2025-04-25 11:48:00,0.0,0.013,0.9015,61.0,641,PASS_WITH_GAPS,16.18502116097181,18.998581546476764,45.04157710487541,43.56355620634323,16.18502116097181
cgwb_delhi,Delhi South West DWARKA Dwarka S-16 (TP),28.581332,77.024241,3771,2022-11-24 14:38:00,2025-07-28 00:00:00,0.0,0.0133,0.9898,3.75,967,PASS,8.704434273145154,6.147076823838394,26.445073329781167,25.295057765967176,6.147076823838394
cgwb_delhi,"Delhi South West DWARKA Dwarka Sec-23,DDA Park Pz",28.565955,77.05051,3731,2022-11-24 13:28:00,2025-07-06 00:00:00,0.0,0.0155,0.9916,5.86,947,PASS,5.81475048960981,3.6623537914845112,27.8053949516762,26.55866237003603,3.6623537914845112
cgwb_delhi,"Delhi South West DWARKA Dwarka Sec-5,DDA Park Pz",28.594994,77.058065,3576,2022-11-24 12:23:00,2025-06-29 12:00:00,0.0,0.0042,0.9852,8.5,934,PASS,8.513538146023288,6.865004642998546,24.532054542780934,23.27037098419976,6.865004642998546
cgwb_delhi,Delhi South West KAPESHERA Chhawla Pz,28.5464,77.0094,3545,2022-12-02 13:38:00,2025-05-13 12:00:00,0.0,0.0028,1.0011,1.25,894,PASS,7.562141735352245,4.723636152882187,30.536332727134273,29.40763927054031,4.723636152882187
cgwb_delhi,Delhi South West KAPESHERA Daulatpur Pz,28.5431,76.9653,3906,2022-12-02 15:34:00,2025-09-22 12:00:00,0.0,0.0215,0.9785,4.5,1003,PASS,11.590776811095136,8.868597867975549,32.04451317901555,31.056817539830245,8.868597867975549
cgwb_delhi,Delhi South West NAJAFGARH Mandela Kalan Pz,28.6072,76.8939,3749,2022-12-05 11:22:00,2025-09-22 00:00:00,0.0,0.0149,0.9423,41.0,963,PASS_WITH_GAPS,20.649337301041815,17.783632932608544,29.01233906922932,28.43331749496881,17.783632932608544
cgwb_delhi,Delhi South West NAJAFGARH Najafgarh Town,28.6147,77.0006,3932,2022-12-05 13:12:00,2025-09-22 00:00:00,0.0,0.0076,0.9834,4.0,1005,PASS,13.046120475679713,10.514851652393318,23.400661317445,22.38932367342051,10.514851652393318
cgwb_delhi,Delhi West PATEL NAGAR Vikashpuri Pz,28.63233,77.074891,3381,2022-11-26 13:59:00,2025-06-27 14:29:00,0.0,0.0074,0.9101,81.5,860,PASS_WITH_GAPS,12.372946906481344,11.174902692802045,20.334696707557267,19.020354653063702,11.174902692802045
cgwb_delhi,Delhi West PUNJABI BAGH Peeragarhi Pz,28.6781,77.0947,3794,2022-12-05 15:17:00,2025-09-22 00:00:00,0.0,0.009,0.9472,41.31,968,PASS_WITH_GAPS,17.495486829277308,16.551822302001195,15.38431004965379,13.985553630370747,13.985553630370747
cgwb_delhi,Delhi West RAJOURI GARDEN Mayapuri Pz,28.618502,77.111227,3956,2022-11-26 12:35:00,2025-09-22 00:00:00,0.0,0.0053,0.9806,4.25,1011,PASS,11.207267878977031,10.930519930053077,22.17912218929983,20.758998392665617,10.930519930053077
cgwb_delhi,Delhi_West_Rajouri Garden_Tagore Garden,28.644938,77.107787,2940,2023-05-16 18:00:00,2025-06-11 00:00:00,0.0,0.0109,0.9921,5.25,751,PASS,14.000016026238072,13.426091125495137,19.2252131592465,17.80175074107731,13.426091125495137
cgwb_delhi,gazipur crossing pz,28.628056,77.318056,1844,2023-09-01 00:00:00,2025-12-11 06:00:00,0.0,0.0293,0.6423,34.06,535,PASS_WITH_GAPS,25.993980858000313,27.727073364979788,31.65036287875326,30.234729085298536,25.993980858000313
cgwb_delhi,Jaitpur Khadar RD3500 Pz_1,28.5089,77.3406,1742,2024-04-30 12:00:00,2025-09-04 00:00:00,0.0,0.0373,0.9472,4.25,466,PASS,25.372102612956933,27.995981974335386,42.88571234115925,41.39163430402313,25.372102612956933
cgwb_delhi,Janakpuri Pz_1,28.63,77.09138889,2697,2023-09-01 00:00:00,2025-11-14 12:00:00,0.0,0.0508,0.8672,55.0,699,PASS_WITH_GAPS,12.138071616547201,11.312233828583256,20.667078511410462,19.2967208182614,11.312233828583256
cgwb_delhi,Kabulline Pz,28.5922,77.1275,2695,2023-09-08 00:00:00,2025-12-11 06:00:00,0.0,0.0449,0.8632,27.0,713,PASS,9.093348903678917,9.616455360073141,25.349640645872533,23.907428788864657,9.093348903678917
cgwb_delhi,Keshopur DJB WTP,28.6525,77.08638889,2141,2023-09-18 14:40:00,2025-05-24 06:00:00,0.0,0.0551,0.8257,38.26,507,PASS_WITH_GAPS,14.608366662897094,13.595388895609013,18.13503472140632,16.776449202620483,13.595388895609013
cgwb_delhi,Kewal Park,28.7185,77.1812,2292,2023-09-07 00:00:00,2025-12-11 06:00:00,0.0,0.0301,0.7461,86.87,617,PASS_WITH_GAPS,24.008225510531023,23.975955117509265,15.02730640873288,13.576140885145517,13.576140885145517
cgwb_delhi,Khera Kalan Pz_1,28.7694,77.1181,1950,2023-09-29 16:34:00,2025-12-11 06:00:00,0.0,0.0369,0.6455,188.75,519,PASS_WITH_GAPS,27.831277370450547,26.956652842042782,6.695170308956371,5.223151953506658,5.223151953506658
cgwb_delhi,Lalita Park (Pz),28.6325,77.2717,2606,2023-09-01 00:00:00,2025-12-11 06:00:00,0.0,0.0115,0.8223,52.22,685,PASS_WITH_GAPS,22.334744350938347,23.827237444125913,28.039996575985352,26.580710632696068,22.334744350938347
cgwb_delhi,LodhiGarden(5hallow),28.5903,77.2164,2696,2023-09-01 18:12:00,2025-12-09 12:01:00,0.0,0.0297,0.8422,36.75,699,PASS_WITH_GAPS,15.269107029100653,16.95308342294594,28.62929114155061,27.11771844908944,15.269107029100653
cgwb_delhi,LodhiGarden (Deep),28.5903,77.2164,3014,2023-09-01 00:00:00,2025-12-11 06:00:00,0.0,0.1257,0.8571,25.75,714,PASS,15.269107029100653,16.95308342294594,28.62929114155061,27.11771844908944,15.269107029100653
cgwb_delhi,Majara Dabas_1,28.7556,77.0058,2748,2023-09-07 00:00:00,2025-12-11 06:00:00,0.0,0.059,0.8767,30.75,725,PASS_WITH_GAPS,27.085577898714853,25.188104554334114,9.351443464563722,9.04692253686371,9.04692253686371
cgwb_delhi,Narela DJB WTP,28.83666667,77.13444444,2330,2023-09-01 00:00:00,2025-12-11 06:00:00,0.0,0.0176,0.7407,61.0,617,PASS_WITH_GAPS,35.45939165342587,34.602907108810555,6.39888889348933,6.393369505617269,6.393369505617269
cgwb_delhi,Nizampur_3,28.7194,76.9667,2239,2023-09-01 00:00:00,2025-12-11 06:00:00,0.0,0.0447,0.7371,30.75,614,PASS_WITH_GAPS,24.715106707533536,22.431385061422194,14.894386725763146,14.531729560317817,14.531729560317817
cgwb_delhi,Palla Temple_1,28.8225,77.2036,1959,2023-09-01 00:00:00,2025-08-28 18:00:00,0.0,0.0117,0.7569,71.0,551,PASS_WITH_GAPS,35.56430808739639,35.25811732355707,12.700744625292954,12.13408028524437,12.13408028524437
cgwb_delhi,PUSA (NRL) Pz,28.6392,77.1622,2721,2023-09-07 00:00:00,2025-12-11 00:00:00,0.0,0.0265,0.9008,20.5,745,PASS,15.315478826560087,15.729153179662065,21.396351648527798,19.891068461505384,15.315478826560087
cgwb_delhi,Rohini Sector 1Pz,28.7028,77.0981,2666,2023-09-01 00:00:00,2025-12-11 06:00:00,0.0,0.0649,0.8331,48.5,694,PASS_WITH_GAPS,20.259510431963637,19.302920101485615,12.72629303658483,11.298754003936365,11.298754003936365
cgwb_delhi,"Rohini, Sector-23",28.7239,77.0711,2432,2023-09-01 00:00:00,2025-12-11 06:00:00,0.0,0.0424,0.7815,59.45,651,PASS_WITH_GAPS,22.561220114622092,21.249104618868376,10.154805555787227,8.881470437710082,8.881470437710082
cgwb_delhi,Samaipur Badli,28.7406,77.1525,2769,2023-09-01 00:00:00,2025-12-11 06:00:00,0.0,0.0101,0.8824,42.0,735,PASS_WITH_GAPS,25.366581170460133,24.922608061672392,11.317746445506831,9.857659859812092,9.857659859812092
cgwb_delhi,Sandesh Vihar Pz_1,28.695,77.1461,2530,2023-09-01 00:00:00,2025-12-05 18:00:00,0.0,0.0249,0.8005,93.06,662,PASS_WITH_GAPS,20.334653697342148,20.04184435738205,15.123761358223868,13.612424631692237,13.612424631692237
cgwb_delhi,Sanjay Van Pz_1,28.6903,77.1419,2879,2023-09-01 00:00:00,2025-12-11 06:00:00,0.0,0.0167,0.8956,20.5,746,PASS,19.711770513006364,19.392441310325925,15.406034034932778,13.897138241249236,13.897138241249236
cgwb_delhi,Shikarpur Deep Pz,28.5244,76.9533,2062,2023-09-01 00:00:00,2025-12-11 06:00:00,0.0,0.0369,0.6771,75.25,564,PASS_WITH_GAPS,12.510534915202292,10.023470906233975,34.396346084177594,33.42155233109687,10.023470906233975
cgwb_delhi,Shikarpur Shallow Pz,28.5247,76.9533,2524,2023-09-01 00:00:00,2025-12-05 18:00:00,0.0,0.0277,0.8029,56.5,664,PASS_WITH_GAPS,12.511510347197737,10.020218212909855,34.36498236703755,33.39059418879199,10.020218212909855
cgwb_delhi,Shram shakti bhawan 1_2,28.619974,77.212174,2072,2023-09-30 14:20:00,2025-05-03 06:00:00,0.2442,0.3731,0.9139,17.5,531,PASS,16.851421295112925,18.089944131781188,25.575796063000414,24.066472894259586,16.851421295112925
cgwb_delhi,Sonia Vihar_1,28.7078,77.249,8732,2023-06-07 06:00:00,2025-12-09 12:11:00,0.0,0.1694,0.8397,58.2,770,PASS_WITH_GAPS,26.429012247785018,27.08490550993828,20.863271326014363,19.518554536902926,19.518554536902926
cgwb_delhi,Sultanpur Dabas_1,28.765,77.0356,2516,2023-09-15 00:00:00,2025-10-19 18:00:00,0.0,0.033,0.8838,34.26,677,PASS_WITH_GAPS,27.473744890019066,25.836246169849865,6.69324916965588,6.141113706750984,6.141113706750984
cgwb_delhi,Sunder Nursery Pz,28.5961,77.245,2484,2023-09-01 00:00:00,2025-12-11 00:00:00,0.0,0.0354,0.7791,92.25,649,PASS_WITH_GAPS,18.02710584972874,19.78935844002828,29.55189238236232,28.04790973900776,18.02710584972874
cgwb_delhi,Surheda_2,28.603888,76.932222,1465,2023-09-30 16:46:00,2025-01-22 12:00:00,0.3242,0.4696,0.8208,51.52,394,PASS_WITH_GAPS,17.219504792736366,14.363409278806968,27.238585358165093,26.49949414685563,14.363409278806968
cgwb_delhi,Tiggipur Deep Pz_1,28.8147,77.1972,2879,2023-09-01 00:00:00,2025-12-11 06:00:00,0.0,0.0375,0.9148,18.75,762,PASS,34.539193450246906,34.21192731675048,12.051848932822125,11.392408211770839,11.392408211770839
cgwb_delhi,Tiggipur Shallow Pz_1,28.8147,77.1975,2897,2023-09-01 00:00:00,2025-12-11 06:00:00,0.0,0.0483,0.9136,19.25,761,PASS,34.54878685878658,34.22377225866964,12.081076721835133,11.421456936048687,11.421456936048687
cgwb_delhi,Tikri Kalan Pz_1,28.6833,76.9694,2429,2023-09-01 00:00:00,2025-11-02 18:00:00,0.0,0.042,0.8401,34.0,667,PASS_WITH_GAPS,21.076768094938526,18.672938502304994,17.835439219856056,17.21708369739481,17.21708369739481
cgwb_delhi,Ujwah Pz,28.5767,76.9142,2727,2023-09-01 00:00:00,2025-12-11 06:00:00,0.0,0.0238,0.8824,33.0,735,PASS_WITH_GAPS,17.44921433812379,14.6108684937667,30.736541859325094,29.993338687821367,14.6108684937667
cgwb_delhi,vivek vihar(Pz)_1,28.6708333,77.31305556,2761,2023-10-13 18:00:00,2025-12-11 06:00:00,0.1739,0.1952,0.9241,17.5,730,PASS,28.085568897094706,29.43784462505963,28.340130871446206,26.99757329872155,26.99757329872155
