job_name,job_id,pair_id,reference_date,secondary_date,temporal_baseline_days,perpendicular_baseline_m,burst_count,is_added_pair,looks,apply_water_mask,status,submitted_at,batch_index,run_id
delhi_ncr_sbas_d136_v1_val_20211002_20211014,97f89ba3-f023-4fea-a32d-5fc2920d0397,d136_20211002_20211014,2021-10-02,2021-10-14,12,48.0,4,False,10x2,True,PENDING,2026-09-22T10:45:50.401223+00:00,1,20260922T104548Z
delhi_ncr_sbas_d136_v1_val_20211002_20211026,b58d9d20-c111-48ca-a15d-8b8f4a858c1e,d136_20211002_20211026,2021-10-02,2021-10-26,24,34.0,4,False,10x2,True,PENDING,2026-09-22T10:45:51.079720+00:00,1,20260922T104548Z
delhi_ncr_sbas_d136_v1_val_20211002_20211107,d49540f5-a210-4da3-b5f0-57b8e5b587ff,d136_20211002_20211107,2021-10-02,2021-11-07,36,3.0,4,False,10x2,True,PENDING,2026-09-22T10:45:52.005736+00:00,1,20260922T104548Z
delhi_ncr_sbas_d136_v1_val_20211014_20211026,e8b54616-29ad-40d5-9a6b-d4ad26f7f19b,d136_20211014_20211026,2021-10-14,2021-10-26,12,82.0,4,False,10x2,True,PENDING,2026-09-22T10:45:52.943581+00:00,1,20260922T104548Z
delhi_ncr_sbas_d136_v1_val_20211014_20211107,f82611d6-f29b-4574-b692-929d9f584933,d136_20211014_20211107,2021-10-14,2021-11-07,24,45.0,4,False,10x2,True,PENDING,2026-09-22T10:45:53.585964+00:00,1,20260922T104548Z
delhi_ncr_sbas_d136_v1_val_20211014_20211119,52f58fc8-3f64-4c4c-ba22-465c8a71869a,d136_20211014_20211119,2021-10-14,2021-11-19,36,114.0,4,False,10x2,True,PENDING,2026-09-22T10:45:54.522824+00:00,1,20260922T104548Z
delhi_ncr_sbas_d136_v1_val_20211026_20211107,1a0393bc-898e-4f60-9923-9ff913103c85,d136_20211026_20211107,2021-10-26,2021-11-07,12,37.0,4,False,10x2,True,PENDING,2026-09-22T10:45:55.489507+00:00,1,20260922T104548Z
delhi_ncr_sbas_d136_v1_val_20211026_20211119,712762ca-74bb-4a63-ab52-3d9284eb3dc2,d136_20211026_20211119,2021-10-26,2021-11-19,24,34.0,4,False,10x2,True,PENDING,2026-09-22T10:45:56.419161+00:00,1,20260922T104548Z
delhi_ncr_sbas_d136_v1_val_20211026_20211201,e5db95f7-04af-417c-ad86-3c55ff09f181,d136_20211026_20211201,2021-10-26,2021-12-01,36,35.0,4,False,10x2,True,PENDING,2026-09-22T10:45:57.149837+00:00,1,20260922T104548Z
delhi_ncr_sbas_d136_v1_val_20211107_20211119,87f21ba3-9f71-4a41-878d-aa10cfc8b070,d136_20211107_20211119,2021-11-07,2021-11-19,12,69.0,4,False,10x2,True,PENDING,2026-09-22T10:45:58.073974+00:00,1,20260922T104548Z
delhi_ncr_sbas_d136_v1_val_20211107_20211201,55cdc705-9c40-4441-aafd-7a9757ee935b,d136_20211107_20211201,2021-11-07,2021-12-01,24,3.0,4,False,10x2,True,PENDING,2026-09-22T10:45:59.015943+00:00,1,20260922T104548Z
delhi_ncr_sbas_d136_v1_val_20211107_20211213,d43edfa8-f18a-4bcb-83ce-81bc64d7a494,d136_20211107_20211213,2021-11-07,2021-12-13,36,21.0,4,False,10x2,True,PENDING,2026-09-22T10:45:59.958906+00:00,1,20260922T104548Z
delhi_ncr_sbas_d136_v1_val_20211119_20211201,be8c4354-bc6c-4502-960d-b71b02866eeb,d136_20211119_20211201,2021-11-19,2021-12-01,12,69.0,4,False,10x2,True,PENDING,2026-09-22T10:46:00.625386+00:00,1,20260922T104548Z
delhi_ncr_sbas_d136_v1_val_20211119_20211213,98674e28-6359-42d7-8c21-f24f5097b47d,d136_20211119_20211213,2021-11-19,2021-12-13,24,82.0,4,False,10x2,True,PENDING,2026-09-22T10:46:01.297210+00:00,1,20260922T104548Z
delhi_ncr_sbas_d136_v1_val_20211201_20211213,a3193027-f81e-433a-8651-9daa4b854d80,d136_20211201_20211213,2021-12-01,2021-12-13,12,24.0,4,False,10x2,True,PENDING,2026-09-22T10:46:01.923871+00:00,1,20260922T104548Z
delhi_ncr_sbas_d136_v1_val_20211201_20220106,64554f4e-0dea-4d73-a096-5d608e643cd1,d136_20211201_20220106,2021-12-01,2022-01-06,36,3.0,4,False,10x2,True,PENDING,2026-09-22T10:46:03.044680+00:00,1,20260922T104548Z
delhi_ncr_sbas_d136_v1_val_20211213_20220106,104e126b-0496-4ef9-a6e4-abdb62659eae,d136_20211213_20220106,2021-12-13,2022-01-06,24,26.0,4,False,10x2,True,PENDING,2026-09-22T10:46:03.698539+00:00,1,20260922T104548Z
delhi_ncr_sbas_d136_v1_val_20211213_20220118,25ae8b74-a078-459a-adad-5b62ab1cbd6d,d136_20211213_20220118,2021-12-13,2022-01-18,36,23.0,4,False,10x2,True,PENDING,2026-09-22T10:46:04.694113+00:00,1,20260922T104548Z
delhi_ncr_sbas_d136_v1_val_20220106_20220118,1a5d612d-dcc9-4e9d-b05c-bfe63a201287,d136_20220106_20220118,2022-01-06,2022-01-18,12,4.0,4,False,10x2,True,PENDING,2026-09-22T10:46:05.407606+00:00,1,20260922T104548Z
delhi_ncr_sbas_d136_v1_val_20220106_20220130,d11443d3-b918-4dd0-9a3e-99bf7d100746,d136_20220106_20220130,2022-01-06,2022-01-30,24,12.0,4,False,10x2,True,PENDING,2026-09-22T10:46:06.069342+00:00,1,20260922T104548Z
delhi_ncr_sbas_d136_v1_val_20220106_20220211,8c24a170-bb45-4627-bd78-4d9044610306,d136_20220106_20220211,2022-01-06,2022-02-11,36,48.0,4,False,10x2,True,PENDING,2026-09-22T10:46:07.041354+00:00,1,20260922T104548Z
delhi_ncr_sbas_d136_v1_val_20220118_20220130,d9a4acfb-10d8-4c4e-aa7a-347ee6cb11e3,d136_20220118_20220130,2022-01-18,2022-01-30,12,10.0,4,False,10x2,True,PENDING,2026-09-22T10:46:07.846781+00:00,1,20260922T104548Z
delhi_ncr_sbas_d136_v1_val_20220118_20220211,4f92418c-46a6-4bf4-a966-7a05e0b88d0b,d136_20220118_20220211,2022-01-18,2022-02-11,24,46.0,4,False,10x2,True,PENDING,2026-09-22T10:46:08.565021+00:00,1,20260922T104548Z
delhi_ncr_sbas_d136_v1_val_20220118_20220223,c53d51cc-f2a5-47f2-83f7-c3027f9a537d,d136_20220118_20220223,2022-01-18,2022-02-23,36,2.0,4,False,10x2,True,PENDING,2026-09-22T10:46:09.268135+00:00,1,20260922T104548Z
delhi_ncr_sbas_d136_v1_val_20220130_20220211,db0f75ae-55a1-4e0f-a8c4-83ddd2b29e0b,d136_20220130_20220211,2022-01-30,2022-02-11,12,37.0,4,False,10x2,True,PENDING,2026-09-22T10:46:10.010574+00:00,1,20260922T104548Z
delhi_ncr_sbas_d136_v1_val_20220130_20220223,1fb51f50-850f-4f1e-b0bb-07e56c17b3b4,d136_20220130_20220223,2022-01-30,2022-02-23,24,10.0,4,False,10x2,True,PENDING,2026-09-22T10:46:10.832702+00:00,1,20260922T104548Z
delhi_ncr_sbas_d136_v1_val_20220130_20220307,b49ab438-7246-4c32-a009-a806d5fdc017,d136_20220130_20220307,2022-01-30,2022-03-07,36,22.0,4,False,10x2,True,PENDING,2026-09-22T10:46:11.481534+00:00,1,20260922T104548Z
delhi_ncr_sbas_d136_v1_val_20220211_20220223,33511d74-62c6-47b0-9f7f-33073d951f93,d136_20220211_20220223,2022-02-11,2022-02-23,12,46.0,4,False,10x2,True,PENDING,2026-09-22T10:46:12.119699+00:00,1,20260922T104548Z
delhi_ncr_sbas_d136_v1_val_20220211_20220307,4aea98f9-bf39-408b-a6f8-2ea9c1277dfc,d136_20220211_20220307,2022-02-11,2022-03-07,24,17.0,4,False,10x2,True,PENDING,2026-09-22T10:46:12.786478+00:00,1,20260922T104548Z
delhi_ncr_sbas_d136_v1_val_20220211_20220319,7d578f5f-aa99-4924-9e4e-52d79d17a598,d136_20220211_20220319,2022-02-11,2022-03-19,36,79.0,4,False,10x2,True,PENDING,2026-09-22T10:46:13.799290+00:00,1,20260922T104548Z
delhi_ncr_sbas_d136_v1_val_20220223_20220307,48cfda1e-96ad-448d-a81c-e5bc3e8d0b75,d136_20220223_20220307,2022-02-23,2022-03-07,12,31.0,4,False,10x2,True,PENDING,2026-09-22T10:46:14.517663+00:00,1,20260922T104548Z
delhi_ncr_sbas_d136_v1_val_20220223_20220319,de9bd490-f6d3-4d07-8e5e-ac18b0a680a5,d136_20220223_20220319,2022-02-23,2022-03-19,24,33.0,4,False,10x2,True,PENDING,2026-09-22T10:46:15.232418+00:00,1,20260922T104548Z
delhi_ncr_sbas_d136_v1_val_20220223_20220331,6b6cb959-25ac-434e-86c7-aa6bf7839795,d136_20220223_20220331,2022-02-23,2022-03-31,36,27.0,4,False,10x2,True,PENDING,2026-09-22T10:46:15.950566+00:00,1,20260922T104548Z
delhi_ncr_sbas_d136_v1_val_20220307_20220319,98dbec90-c504-43ab-86b2-07bf137fa285,d136_20220307_20220319,2022-03-07,2022-03-19,12,62.0,4,False,10x2,True,PENDING,2026-09-22T10:46:16.851497+00:00,1,20260922T104548Z
delhi_ncr_sbas_d136_v1_val_20220307_20220331,f923f290-ced8-4ab7-939b-57427f952395,d136_20220307_20220331,2022-03-07,2022-03-31,24,5.0,4,False,10x2,True,PENDING,2026-09-22T10:46:17.794074+00:00,1,20260922T104548Z
delhi_ncr_sbas_d136_v1_val_20220307_20220412,db4d3663-aea6-4289-ad17-ab6742a24dd9,d136_20220307_20220412,2022-03-07,2022-04-12,36,47.0,4,False,10x2,True,PENDING,2026-09-22T10:46:18.720922+00:00,1,20260922T104548Z
delhi_ncr_sbas_d136_v1_val_20220319_20220331,c02516c0-a95c-40c2-a702-6a414e323cf5,d136_20220319_20220331,2022-03-19,2022-03-31,12,60.0,4,False,10x2,True,PENDING,2026-09-22T10:46:19.434012+00:00,1,20260922T104548Z
delhi_ncr_sbas_d136_v1_val_20220319_20220412,0fc3ee7d-bfd3-4964-9159-df058e3dd2bb,d136_20220319_20220412,2022-03-19,2022-04-12,24,109.0,4,False,10x2,True,PENDING,2026-09-22T10:46:20.149759+00:00,1,20260922T104548Z
delhi_ncr_sbas_d136_v1_val_20220331_20220412,a0694d63-b84f-425e-980a-420927ebfe29,d136_20220331_20220412,2022-03-31,2022-04-12,12,52.0,4,False,10x2,True,PENDING,2026-09-22T10:46:20.924546+00:00,1,20260922T104548Z
delhi_ncr_sbas_d136_v1_val_20220331_20220530,4fd0c818-4382-48a4-9388-32614ae196ff,d136_20220331_20220530,2022-03-31,2022-05-30,60,47.0,4,True,10x2,True,PENDING,2026-09-22T10:46:21.592199+00:00,1,20260922T104548Z
delhi_ncr_sbas_d136_v1_val_20220412_20220518,4abca665-a697-4e9e-9805-ea5aa197ef68,d136_20220412_20220518,2022-04-12,2022-05-18,36,98.0,4,False,10x2,True,PENDING,2026-09-22T10:46:24.039249+00:00,2,20260922T104548Z
delhi_ncr_sbas_d136_v1_val_20220518_20220530,a3c6b41e-9bf9-41c7-bd92-c0f74d0fa53c,d136_20220518_20220530,2022-05-18,2022-05-30,12,191.0,4,False,10x2,True,PENDING,2026-09-22T10:46:24.756532+00:00,2,20260922T104548Z
delhi_ncr_sbas_d136_v1_val_20220518_20220611,7fb9a9f0-850f-4633-ac3c-16aaf5f28cce,d136_20220518_20220611,2022-05-18,2022-06-11,24,241.0,4,False,10x2,True,PENDING,2026-09-22T10:46:25.472586+00:00,2,20260922T104548Z
delhi_ncr_sbas_d136_v1_val_20220518_20220623,8c38af3c-8a1c-4426-8c5e-039faae91fae,d136_20220518_20220623,2022-05-18,2022-06-23,36,166.0,4,False,10x2,True,PENDING,2026-09-22T10:46:26.497176+00:00,2,20260922T104548Z
delhi_ncr_sbas_d136_v1_val_20220530_20220611,ada50995-1b7e-4d70-b9b1-568c9d241221,d136_20220530_20220611,2022-05-30,2022-06-11,12,50.0,4,False,10x2,True,PENDING,2026-09-22T10:46:27.141049+00:00,2,20260922T104548Z
delhi_ncr_sbas_d136_v1_val_20220530_20220623,fad40895-f947-47f2-a21e-48a97fc15cc5,d136_20220530_20220623,2022-05-30,2022-06-23,24,25.0,4,False,10x2,True,PENDING,2026-09-22T10:46:27.828621+00:00,2,20260922T104548Z
delhi_ncr_sbas_d136_v1_val_20220530_20220705,f14b81f9-4f34-484e-81d7-21e56e5f62db,d136_20220530_20220705,2022-05-30,2022-07-05,36,44.0,4,False,10x2,True,PENDING,2026-09-22T10:46:28.545150+00:00,2,20260922T104548Z
delhi_ncr_sbas_d136_v1_val_20220611_20220623,fc59c6b0-4b0c-4368-83a7-7936bb4fb054,d136_20220611_20220623,2022-06-11,2022-06-23,12,75.0,4,False,10x2,True,PENDING,2026-09-22T10:46:29.263924+00:00,2,20260922T104548Z
delhi_ncr_sbas_d136_v1_val_20220611_20220705,1f81de85-c0f1-4880-a75b-180312d410dd,d136_20220611_20220705,2022-06-11,2022-07-05,24,94.0,4,False,10x2,True,PENDING,2026-09-22T10:46:29.978726+00:00,2,20260922T104548Z
delhi_ncr_sbas_d136_v1_val_20220611_20220717,eb833e5b-d346-4312-a76a-894027140408,d136_20220611_20220717,2022-06-11,2022-07-17,36,80.0,4,False,10x2,True,PENDING,2026-09-22T10:46:30.651816+00:00,2,20260922T104548Z
delhi_ncr_sbas_d136_v1_val_20220623_20220705,1caa9988-a547-4042-9c3c-11436176ba13,d136_20220623_20220705,2022-06-23,2022-07-05,12,21.0,4,False,10x2,True,PENDING,2026-09-22T10:46:31.308467+00:00,2,20260922T104548Z
delhi_ncr_sbas_d136_v1_val_20220623_20220717,f7996f32-73ac-4e8e-960d-42afe55f5272,d136_20220623_20220717,2022-06-23,2022-07-17,24,10.0,4,False,10x2,True,PENDING,2026-09-22T10:46:32.026417+00:00,2,20260922T104548Z
delhi_ncr_sbas_d136_v1_val_20220623_20220729,608919ff-6384-4e45-bca5-91304d72ab12,d136_20220623_20220729,2022-06-23,2022-07-29,36,9.0,4,False,10x2,True,PENDING,2026-09-22T10:46:32.976247+00:00,2,20260922T104548Z
delhi_ncr_sbas_d136_v1_val_20220705_20220717,65a4d3b7-c504-4314-8bb6-a462de3421f7,d136_20220705_20220717,2022-07-05,2022-07-17,12,14.0,4,False,10x2,True,PENDING,2026-09-22T10:46:33.665354+00:00,2,20260922T104548Z
delhi_ncr_sbas_d136_v1_val_20220705_20220729,62abd52c-24f8-4153-926c-1d5678d280a0,d136_20220705_20220729,2022-07-05,2022-07-29,24,13.0,4,False,10x2,True,PENDING,2026-09-22T10:46:34.318241+00:00,2,20260922T104548Z
delhi_ncr_sbas_d136_v1_val_20220705_20220810,aee14cee-f0bb-4acb-80dc-1dcb1b05cb79,d136_20220705_20220810,2022-07-05,2022-08-10,36,11.0,4,False,10x2,True,PENDING,2026-09-22T10:46:35.054520+00:00,2,20260922T104548Z
delhi_ncr_sbas_d136_v1_val_20220717_20220729,51c237e9-a5f5-447d-a783-0e05e3126c50,d136_20220717_20220729,2022-07-17,2022-07-29,12,4.0,4,False,10x2,True,PENDING,2026-09-22T10:46:35.918415+00:00,2,20260922T104548Z
delhi_ncr_sbas_d136_v1_val_20220717_20220810,a07bfa83-220c-48a9-b6d0-94a8987b6ba5,d136_20220717_20220810,2022-07-17,2022-08-10,24,3.0,4,False,10x2,True,PENDING,2026-09-22T10:46:36.635101+00:00,2,20260922T104548Z
delhi_ncr_sbas_d136_v1_val_20220729_20220810,142bd137-432c-4041-a6f5-bf8eb0bcbfde,d136_20220729_20220810,2022-07-29,2022-08-10,12,2.0,4,False,10x2,True,PENDING,2026-09-22T10:46:37.323706+00:00,2,20260922T104548Z
delhi_ncr_sbas_d136_v1_val_20220729_20221126,6e9ac213-0419-4483-a96a-61c24778ad9f,d136_20220729_20221126,2022-07-29,2022-11-26,120,217.0,4,True,10x2,True,PENDING,2026-09-22T10:46:38.049402+00:00,2,20260922T104548Z
delhi_ncr_sbas_d136_v1_val_20220810_20221126,7645ff80-8643-4e64-a9da-38fd314cbb75,d136_20220810_20221126,2022-08-10,2022-11-26,108,216.0,4,True,10x2,True,PENDING,2026-09-22T10:46:38.726572+00:00,2,20260922T104548Z
delhi_ncr_sbas_d136_v1_val_20221126_20230101,4a82784a-e15a-472f-9c97-a7af4b11887e,d136_20221126_20230101,2022-11-26,2023-01-01,36,207.0,4,False,10x2,True,PENDING,2026-09-22T10:46:39.400421+00:00,2,20260922T104548Z
delhi_ncr_sbas_d136_v1_val_20221126_20230125,fe66391a-7057-42e1-ae67-650a94e7849b,d136_20221126_20230125,2022-11-26,2023-01-25,60,153.0,4,True,10x2,True,PENDING,2026-09-22T10:46:40.117174+00:00,2,20260922T104548Z
delhi_ncr_sbas_d136_v1_val_20221220_20230101,20b14fbe-fe8a-46a6-821d-9b1051cf28ea,d136_20221220_20230101,2022-12-20,2023-01-01,12,56.0,4,False,10x2,True,PENDING,2026-09-22T10:46:40.833571+00:00,2,20260922T104548Z
delhi_ncr_sbas_d136_v1_val_20221220_20230125,71800210-5fea-4ffe-bfb6-8fbceafb05f6,d136_20221220_20230125,2022-12-20,2023-01-25,36,110.0,4,False,10x2,True,PENDING,2026-09-22T10:46:41.550652+00:00,2,20260922T104548Z
delhi_ncr_sbas_d136_v1_val_20230101_20230125,4b85fde6-8ed4-4652-ac61-61b301a85dea,d136_20230101_20230125,2023-01-01,2023-01-25,24,55.0,4,False,10x2,True,PENDING,2026-09-22T10:46:42.262850+00:00,2,20260922T104548Z
delhi_ncr_sbas_d136_v1_val_20230101_20230501,3dc24d8e-0b49-4c0f-824d-b9654057bc82,d136_20230101_20230501,2023-01-01,2023-05-01,120,56.0,4,True,10x2,True,PENDING,2026-09-22T10:46:43.085986+00:00,2,20260922T104548Z
delhi_ncr_sbas_d136_v1_val_20230125_20230218,bbfa7988-0f9c-4cc9-ac15-56d298ae95dd,d136_20230125_20230218,2023-01-25,2023-02-18,24,115.0,4,False,10x2,True,PENDING,2026-09-22T10:46:43.803017+00:00,2,20260922T104548Z
delhi_ncr_sbas_d136_v1_val_20230218_20230314,df4f9a50-94e8-4996-acf2-1f540d6eb1fd,d136_20230218_20230314,2023-02-18,2023-03-14,24,100.0,4,False,10x2,True,PENDING,2026-09-22T10:46:44.519262+00:00,2,20260922T104548Z
delhi_ncr_sbas_d136_v1_val_20230314_20230407,035c713c-e8a8-4d0b-8139-3aa2a8013647,d136_20230314_20230407,2023-03-14,2023-04-07,24,192.0,4,False,10x2,True,PENDING,2026-09-22T10:46:45.236899+00:00,2,20260922T104548Z
delhi_ncr_sbas_d136_v1_val_20230407_20230501,fbe016bd-829f-43ca-a552-d0ce0311d35b,d136_20230407_20230501,2023-04-07,2023-05-01,24,25.0,4,False,10x2,True,PENDING,2026-09-22T10:46:46.262390+00:00,2,20260922T104548Z
delhi_ncr_sbas_d136_v1_val_20230407_20230513,8492c6a4-b489-4297-9765-24808b38ba3d,d136_20230407_20230513,2023-04-07,2023-05-13,36,30.0,4,False,10x2,True,PENDING,2026-09-22T10:46:47.224500+00:00,2,20260922T104548Z
delhi_ncr_sbas_d136_v1_val_20230501_20230513,ead2c343-cbe4-4cab-b82b-a16caab5193b,d136_20230501_20230513,2023-05-01,2023-05-13,12,54.0,4,False,10x2,True,PENDING,2026-09-22T10:46:48.176102+00:00,2,20260922T104548Z
delhi_ncr_sbas_d136_v1_val_20230501_20230525,4eb72fa3-18f2-4aa7-bd66-c2428953a1a6,d136_20230501_20230525,2023-05-01,2023-05-25,24,146.0,4,False,10x2,True,PENDING,2026-09-22T10:46:49.127986+00:00,2,20260922T104548Z
delhi_ncr_sbas_d136_v1_val_20230501_20230606,01ac8d65-58c6-45a4-b85f-336acb5e7654,d136_20230501_20230606,2023-05-01,2023-06-06,36,117.0,4,False,10x2,True,PENDING,2026-09-22T10:46:50.152588+00:00,2,20260922T104548Z
delhi_ncr_sbas_d136_v1_val_20230513_20230525,805b4c9e-c081-4bf4-9a88-f137b9ea2370,d136_20230513_20230525,2023-05-13,2023-05-25,12,94.0,4,False,10x2,True,PENDING,2026-09-22T10:46:51.175966+00:00,2,20260922T104548Z
delhi_ncr_sbas_d136_v1_val_20230513_20230606,5027e856-f8e3-49b9-824f-d7f901cfb07c,d136_20230513_20230606,2023-05-13,2023-06-06,24,64.0,4,False,10x2,True,PENDING,2026-09-22T10:46:52.200366+00:00,2,20260922T104548Z
delhi_ncr_sbas_d136_v1_val_20230513_20230618,49143520-38c0-4031-8bbb-4459f798c8c3,d136_20230513_20230618,2023-05-13,2023-06-18,36,62.0,4,False,10x2,True,PENDING,2026-09-22T10:46:52.861472+00:00,2,20260922T104548Z
delhi_ncr_sbas_d136_v1_val_20230525_20230606,bd7ee1db-3038-4a9b-bbad-a5f1243720f8,d136_20230525_20230606,2023-05-25,2023-06-06,12,31.0,4,False,10x2,True,PENDING,2026-09-22T10:46:53.635207+00:00,2,20260922T104548Z
delhi_ncr_sbas_d136_v1_val_20230525_20230618,293997a0-6170-420d-8712-daa36d3c81c0,d136_20230525_20230618,2023-05-25,2023-06-18,24,156.0,4,False,10x2,True,PENDING,2026-09-22T10:46:54.576246+00:00,2,20260922T104548Z
delhi_ncr_sbas_d136_v1_val_20230525_20230630,722a3546-fe2c-4964-a03a-7675123aa59e,d136_20230525_20230630,2023-05-25,2023-06-30,36,7.0,4,False,10x2,True,PENDING,2026-09-22T10:46:58.036232+00:00,3,20260922T104548Z
delhi_ncr_sbas_d136_v1_val_20230606_20230618,3ebf5c69-399e-431f-a1ed-179e5319e2f1,d136_20230606_20230618,2023-06-06,2023-06-18,12,125.0,4,False,10x2,True,PENDING,2026-09-22T10:46:59.164260+00:00,3,20260922T104548Z
delhi_ncr_sbas_d136_v1_val_20230606_20230630,e216a1b2-56f5-4b38-b01d-079168663ada,d136_20230606_20230630,2023-06-06,2023-06-30,24,36.0,4,False,10x2,True,PENDING,2026-09-22T10:47:00.187003+00:00,3,20260922T104548Z
delhi_ncr_sbas_d136_v1_val_20230606_20230712,0e53905e-a01d-4522-9335-f97f65e04606,d136_20230606_20230712,2023-06-06,2023-07-12,36,101.0,4,False,10x2,True,PENDING,2026-09-22T10:47:00.903680+00:00,3,20260922T104548Z
delhi_ncr_sbas_d136_v1_val_20230618_20230630,edff0174-e574-4ec0-a5b7-392d0584fc88,d136_20230618_20230630,2023-06-18,2023-06-30,12,160.0,4,False,10x2,True,PENDING,2026-09-22T10:47:01.621632+00:00,3,20260922T104548Z
delhi_ncr_sbas_d136_v1_val_20230618_20230712,cd99b1b6-e2b3-44fc-8117-c3cdab0f799e,d136_20230618_20230712,2023-06-18,2023-07-12,24,26.0,4,False,10x2,True,PENDING,2026-09-22T10:47:02.266951+00:00,3,20260922T104548Z
delhi_ncr_sbas_d136_v1_val_20230618_20230724,202e9484-b1f0-41ea-afd4-d11f2697dc32,d136_20230618_20230724,2023-06-18,2023-07-24,36,9.0,4,False,10x2,True,PENDING,2026-09-22T10:47:03.334918+00:00,3,20260922T104548Z
delhi_ncr_sbas_d136_v1_val_20230630_20230712,badc1106-98ca-408a-84fe-d8988561440d,d136_20230630_20230712,2023-06-30,2023-07-12,12,137.0,4,False,10x2,True,PENDING,2026-09-22T10:47:04.078204+00:00,3,20260922T104548Z
delhi_ncr_sbas_d136_v1_val_20230630_20230724,aec3100f-a378-49ff-a344-bebbb19b644a,d136_20230630_20230724,2023-06-30,2023-07-24,24,169.0,4,False,10x2,True,PENDING,2026-09-22T10:47:05.103372+00:00,3,20260922T104548Z
delhi_ncr_sbas_d136_v1_val_20230712_20230724,72ece1ae-1dab-4d5d-8801-9f9059b6e937,d136_20230712_20230724,2023-07-12,2023-07-24,12,34.0,4,False,10x2,True,PENDING,2026-09-22T10:47:06.121833+00:00,3,20260922T104548Z
delhi_ncr_sbas_d136_v1_val_20230712_20230805,6e25d9aa-5242-4cec-9158-b435a9cfb503,d136_20230712_20230805,2023-07-12,2023-08-05,24,122.0,4,False,10x2,True,PENDING,2026-09-22T10:47:06.773910+00:00,3,20260922T104548Z
delhi_ncr_sbas_d136_v1_val_20230712_20230817,9e25d6cc-3151-4fb2-a956-7a52db9f5d1c,d136_20230712_20230817,2023-07-12,2023-08-17,36,46.0,4,False,10x2,True,PENDING,2026-09-22T10:47:07.458268+00:00,3,20260922T104548Z
delhi_ncr_sbas_d136_v1_val_20230724_20230805,7098dc39-8175-4eae-acd9-98e13d03e7c9,d136_20230724_20230805,2023-07-24,2023-08-05,12,88.0,4,False,10x2,True,PENDING,2026-09-22T10:47:08.184901+00:00,3,20260922T104548Z
delhi_ncr_sbas_d136_v1_val_20230724_20230817,1342e610-6f0f-47d7-bff9-4786a7b4aece,d136_20230724_20230817,2023-07-24,2023-08-17,24,80.0,4,False,10x2,True,PENDING,2026-09-22T10:47:08.835694+00:00,3,20260922T104548Z
delhi_ncr_sbas_d136_v1_val_20230724_20230829,d2e7dcce-88bd-4553-bb70-14af56b66b83,d136_20230724_20230829,2023-07-24,2023-08-29,36,46.0,4,False,10x2,True,PENDING,2026-09-22T10:47:09.607771+00:00,3,20260922T104548Z
delhi_ncr_sbas_d136_v1_val_20230805_20230817,de381a97-49be-4668-8fcc-87959ce70bde,d136_20230805_20230817,2023-08-05,2023-08-17,12,168.0,4,False,10x2,True,PENDING,2026-09-22T10:47:10.631959+00:00,3,20260922T104548Z
delhi_ncr_sbas_d136_v1_val_20230805_20230829,82df1e3e-1135-44f6-a069-da752c4db4e6,d136_20230805_20230829,2023-08-05,2023-08-29,24,134.0,4,False,10x2,True,PENDING,2026-09-22T10:47:11.304697+00:00,3,20260922T104548Z
delhi_ncr_sbas_d136_v1_val_20230817_20230829,b32bd01e-6a3b-4ff5-b02a-83691c467fb1,d136_20230817_20230829,2023-08-17,2023-08-29,12,34.0,4,False,10x2,True,PENDING,2026-09-22T10:47:11.933655+00:00,3,20260922T104548Z
delhi_ncr_sbas_d136_v1_val_20230817_20230922,6c0afd42-ff9b-48d4-b88f-8223e2c8632c,d136_20230817_20230922,2023-08-17,2023-09-22,36,38.0,4,False,10x2,True,PENDING,2026-09-22T10:47:12.782283+00:00,3,20260922T104548Z
delhi_ncr_sbas_d136_v1_val_20230829_20230922,428846fc-a63c-4a3a-9a68-de2499995840,d136_20230829_20230922,2023-08-29,2023-09-22,24,5.0,4,False,10x2,True,PENDING,2026-09-22T10:47:13.443589+00:00,3,20260922T104548Z
delhi_ncr_sbas_d136_v1_val_20230829_20231227,97af3f8d-b0ab-4c6e-bb7e-0449aa8d7d2f,d136_20230829_20231227,2023-08-29,2023-12-27,120,48.0,4,True,10x2,True,PENDING,2026-09-22T10:47:14.148190+00:00,3,20260922T104548Z
delhi_ncr_sbas_d136_v1_val_20230922_20231016,1489a919-98ab-4562-8b00-56ce2b9ff468,d136_20230922_20231016,2023-09-22,2023-10-16,24,3.0,4,False,10x2,True,PENDING,2026-09-22T10:47:14.830185+00:00,3,20260922T104548Z
delhi_ncr_sbas_d136_v1_val_20231016_20231109,c55bca1e-120b-4297-95c6-c0ee7a576b6b,d136_20231016_20231109,2023-10-16,2023-11-09,24,205.0,4,False,10x2,True,PENDING,2026-09-22T10:47:15.547553+00:00,3,20260922T104548Z
delhi_ncr_sbas_d136_v1_val_20231109_20231203,fc834007-0bf1-47a0-800d-fdb45cede976,d136_20231109_20231203,2023-11-09,2023-12-03,24,239.0,4,False,10x2,True,PENDING,2026-09-22T10:47:16.263318+00:00,3,20260922T104548Z
delhi_ncr_sbas_d136_v1_val_20231203_20231227,3f931ab6-91d5-418e-aaee-22addbfbb953,d136_20231203_20231227,2023-12-03,2023-12-27,24,86.0,4,False,10x2,True,PENDING,2026-09-22T10:47:16.980328+00:00,3,20260922T104548Z
delhi_ncr_sbas_d136_v1_val_20231203_20240108,7eb25f53-00c6-4463-a824-4db955a55328,d136_20231203_20240108,2023-12-03,2024-01-08,36,65.0,4,False,10x2,True,PENDING,2026-09-22T10:47:18.004352+00:00,3,20260922T104548Z
delhi_ncr_sbas_d136_v1_val_20231227_20240108,7a4f0d82-e6d1-4c18-a031-958d04cfbc44,d136_20231227_20240108,2023-12-27,2024-01-08,12,21.0,4,False,10x2,True,PENDING,2026-09-22T10:47:19.131291+00:00,3,20260922T104548Z
delhi_ncr_sbas_d136_v1_val_20231227_20240120,62734f08-dc86-461a-855d-9f8137483ecc,d136_20231227_20240120,2023-12-27,2024-01-20,24,16.0,4,False,10x2,True,PENDING,2026-09-22T10:47:20.257590+00:00,3,20260922T104548Z
delhi_ncr_sbas_d136_v1_val_20240108_20240120,0e079a18-a9e7-46b3-9c18-9e879a45fb21,d136_20240108_20240120,2024-01-08,2024-01-20,12,36.0,4,False,10x2,True,PENDING,2026-09-22T10:47:21.266285+00:00,3,20260922T104548Z
delhi_ncr_sbas_d136_v1_val_20240108_20240308,bb12672d-1aa2-4968-8704-9f104a2a95cc,d136_20240108_20240308,2024-01-08,2024-03-08,60,80.0,4,True,10x2,True,PENDING,2026-09-22T10:47:22.266468+00:00,3,20260922T104548Z
delhi_ncr_sbas_d136_v1_val_20240120_20240225,572204c1-1f33-4d13-a11c-07a4e1341817,d136_20240120_20240225,2024-01-20,2024-02-25,36,119.0,4,False,10x2,True,PENDING,2026-09-22T10:47:23.323841+00:00,3,20260922T104548Z
delhi_ncr_sbas_d136_v1_val_20240225_20240308,08b0b6e2-ed4e-44e1-b8a2-9529d07fd37f,d136_20240225_20240308,2024-02-25,2024-03-08,12,158.0,4,False,10x2,True,PENDING,2026-09-22T10:47:24.250585+00:00,3,20260922T104548Z
delhi_ncr_sbas_d136_v1_val_20240225_20240320,1ba702ea-30a9-4310-b58b-e7b2760916ca,d136_20240225_20240320,2024-02-25,2024-03-20,24,139.0,4,False,10x2,True,PENDING,2026-09-22T10:47:25.266171+00:00,3,20260922T104548Z
delhi_ncr_sbas_d136_v1_val_20240225_20240401,b882ea61-96d2-4000-81c5-7f744b4a00ce,d136_20240225_20240401,2024-02-25,2024-04-01,36,66.0,4,False,10x2,True,PENDING,2026-09-22T10:47:26.235582+00:00,3,20260922T104548Z
delhi_ncr_sbas_d136_v1_val_20240308_20240320,68c1fcb3-a34b-445b-87fc-604bcc571203,d136_20240308_20240320,2024-03-08,2024-03-20,12,28.0,4,False,10x2,True,PENDING,2026-09-22T10:47:27.163513+00:00,3,20260922T104548Z
delhi_ncr_sbas_d136_v1_val_20240308_20240401,8086230b-adc1-4b9c-8fb0-3360f1270890,d136_20240308_20240401,2024-03-08,2024-04-01,24,92.0,4,False,10x2,True,PENDING,2026-09-22T10:47:28.075329+00:00,3,20260922T104548Z
delhi_ncr_sbas_d136_v1_val_20240320_20240401,f31887ae-2930-4d92-ac52-841785ba8390,d136_20240320_20240401,2024-03-20,2024-04-01,12,73.0,4,False,10x2,True,PENDING,2026-09-22T10:47:29.065342+00:00,3,20260922T104548Z
delhi_ncr_sbas_d136_v1_val_20240320_20240425,35355565-31b3-4b29-92b7-a30a3867a264,d136_20240320_20240425,2024-03-20,2024-04-25,36,77.0,4,False,10x2,True,PENDING,2026-09-22T10:47:30.088758+00:00,3,20260922T104548Z
delhi_ncr_sbas_d136_v1_val_20240401_20240425,acf2eef9-0eb3-493d-acda-7c615c8f41bb,d136_20240401_20240425,2024-04-01,2024-04-25,24,13.0,4,False,10x2,True,PENDING,2026-09-22T10:47:30.755931+00:00,3,20260922T104548Z
delhi_ncr_sbas_d136_v1_val_20240401_20240519,d4d2b134-5478-40b1-8d8e-160651e100bd,d136_20240401_20240519,2024-04-01,2024-05-19,48,197.0,4,True,10x2,True,PENDING,2026-09-22T10:47:31.727010+00:00,3,20260922T104548Z
delhi_ncr_sbas_d136_v1_val_20240425_20240519,bff20d26-5e9b-4fa3-bd16-2b0b8d474550,d136_20240425_20240519,2024-04-25,2024-05-19,24,185.0,4,False,10x2,True,PENDING,2026-09-22T10:47:35.002646+00:00,4,20260922T104548Z
delhi_ncr_sbas_d136_v1_val_20240425_20240531,177ed04a-1bb3-4074-a5bc-71642babc7c8,d136_20240425_20240531,2024-04-25,2024-05-31,36,132.0,4,False,10x2,True,PENDING,2026-09-22T10:47:36.026855+00:00,4,20260922T104548Z
delhi_ncr_sbas_d136_v1_val_20240519_20240531,f4f8fd8f-8f48-44fa-be4b-b9c099151501,d136_20240519_20240531,2024-05-19,2024-05-31,12,53.0,4,False,10x2,True,PENDING,2026-09-22T10:47:36.989557+00:00,4,20260922T104548Z
delhi_ncr_sbas_d136_v1_val_20240519_20240916,0ac0eb62-9a0d-48b5-8bb6-8c8aebe8e0ff,d136_20240519_20240916,2024-05-19,2024-09-16,120,124.0,4,True,10x2,True,PENDING,2026-09-22T10:47:37.972741+00:00,4,20260922T104548Z
delhi_ncr_sbas_d136_v1_val_20240531_20240718,4fe58075-e802-417f-af2b-30d81776b864,d136_20240531_20240718,2024-05-31,2024-07-18,48,50.0,4,True,10x2,True,PENDING,2026-09-22T10:47:38.918927+00:00,4,20260922T104548Z
delhi_ncr_sbas_d136_v1_val_20240718_20240823,321c4adc-4b81-4ec2-9d26-3aad0685f899,d136_20240718_20240823,2024-07-18,2024-08-23,36,86.0,4,False,10x2,True,PENDING,2026-09-22T10:47:39.828099+00:00,4,20260922T104548Z
delhi_ncr_sbas_d136_v1_val_20240823_20240904,ffa212fd-9d6f-495b-9391-a381f710ef93,d136_20240823_20240904,2024-08-23,2024-09-04,12,131.0,4,False,10x2,True,PENDING,2026-09-22T10:47:40.448117+00:00,4,20260922T104548Z
delhi_ncr_sbas_d136_v1_val_20240823_20240916,d30c31a7-762d-4b88-ab32-2d48087bb621,d136_20240823_20240916,2024-08-23,2024-09-16,24,65.0,4,False,10x2,True,PENDING,2026-09-22T10:47:41.147157+00:00,4,20260922T104548Z
delhi_ncr_sbas_d136_v1_val_20240823_20240928,4407721f-fbf0-485a-990d-67a61599def0,d136_20240823_20240928,2024-08-23,2024-09-28,36,201.0,4,False,10x2,True,PENDING,2026-09-22T10:47:42.170530+00:00,4,20260922T104548Z
delhi_ncr_sbas_d136_v1_val_20240904_20240916,5400a79d-5373-4fd3-a202-d9f8ee216abd,d136_20240904_20240916,2024-09-04,2024-09-16,12,196.0,4,False,10x2,True,PENDING,2026-09-22T10:47:42.870776+00:00,4,20260922T104548Z
delhi_ncr_sbas_d136_v1_val_20240904_20240928,7aa19763-4b9c-4be7-8023-9ac8a7bdcc5d,d136_20240904_20240928,2024-09-04,2024-09-28,24,70.0,4,False,10x2,True,PENDING,2026-09-22T10:47:43.818253+00:00,4,20260922T104548Z
delhi_ncr_sbas_d136_v1_val_20240904_20241010,9109f385-1c6a-4f2a-949d-5d1e3585873d,d136_20240904_20241010,2024-09-04,2024-10-10,36,214.0,4,False,10x2,True,PENDING,2026-09-22T10:47:44.628713+00:00,4,20260922T104548Z
delhi_ncr_sbas_d136_v1_val_20240916_20241010,c012e32b-b158-4d0a-9c16-449e42518c15,d136_20240916_20241010,2024-09-16,2024-10-10,24,20.0,4,False,10x2,True,PENDING,2026-09-22T10:47:45.448456+00:00,4,20260922T104548Z
delhi_ncr_sbas_d136_v1_val_20240916_20241022,0f2e917d-dea4-402e-a035-c692513c8b51,d136_20240916_20241022,2024-09-16,2024-10-22,36,100.0,4,False,10x2,True,PENDING,2026-09-22T10:47:46.471213+00:00,4,20260922T104548Z
delhi_ncr_sbas_d136_v1_val_20240928_20241022,cfdfa327-9cef-4e49-91e5-958a2c9f0e57,d136_20240928_20241022,2024-09-28,2024-10-22,24,166.0,4,False,10x2,True,PENDING,2026-09-22T10:47:47.495330+00:00,4,20260922T104548Z
delhi_ncr_sbas_d136_v1_val_20241010_20241022,5258f55f-0e57-40c3-b3fd-a98a5bc157c9,d136_20241010_20241022,2024-10-10,2024-10-22,12,120.0,4,False,10x2,True,PENDING,2026-09-22T10:47:48.414656+00:00,4,20260922T104548Z
delhi_ncr_sbas_d136_v1_val_20241010_20241103,514a6e15-7fd2-4b86-a1ec-86e00aa5c813,d136_20241010_20241103,2024-10-10,2024-11-03,24,21.0,4,False,10x2,True,PENDING,2026-09-22T10:47:49.104637+00:00,4,20260922T104548Z
delhi_ncr_sbas_d136_v1_val_20241010_20241115,3c4514c3-4dbd-4475-9706-e6647c1633f4,d136_20241010_20241115,2024-10-10,2024-11-15,36,18.0,4,False,10x2,True,PENDING,2026-09-22T10:47:49.748194+00:00,4,20260922T104548Z
delhi_ncr_sbas_d136_v1_val_20241022_20241103,2d8a4a9b-c4c5-4ca5-9968-4c277563574a,d136_20241022_20241103,2024-10-22,2024-11-03,12,100.0,4,False,10x2,True,PENDING,2026-09-22T10:47:50.772739+00:00,4,20260922T104548Z
delhi_ncr_sbas_d136_v1_val_20241022_20241115,3ea72c7a-9267-49e7-9d5d-98df1b2627a6,d136_20241022_20241115,2024-10-22,2024-11-15,24,102.0,4,False,10x2,True,PENDING,2026-09-22T10:47:51.729642+00:00,4,20260922T104548Z
delhi_ncr_sbas_d136_v1_val_20241022_20241127,d2410858-1a5f-4860-b643-24bfef5db555,d136_20241022_20241127,2024-10-22,2024-11-27,36,27.0,4,False,10x2,True,PENDING,2026-09-22T10:47:52.411967+00:00,4,20260922T104548Z
delhi_ncr_sbas_d136_v1_val_20241103_20241115,b7477174-b337-4b0f-8140-bad69e52b7e0,d136_20241103_20241115,2024-11-03,2024-11-15,12,3.0,4,False,10x2,True,PENDING,2026-09-22T10:47:53.038331+00:00,4,20260922T104548Z
delhi_ncr_sbas_d136_v1_val_20241103_20241127,1488136c-1cee-4807-8b3d-d3c5e2c50b34,d136_20241103_20241127,2024-11-03,2024-11-27,24,127.0,4,False,10x2,True,PENDING,2026-09-22T10:47:53.741653+00:00,4,20260922T104548Z
delhi_ncr_sbas_d136_v1_val_20241103_20241209,0ec554f3-99c6-48bf-b561-cd5ea576f995,d136_20241103_20241209,2024-11-03,2024-12-09,36,10.0,4,False,10x2,True,PENDING,2026-09-22T10:47:54.460712+00:00,4,20260922T104548Z
delhi_ncr_sbas_d136_v1_val_20241115_20241127,af6059f9-5be7-41e4-9213-88b34d1a330f,d136_20241115_20241127,2024-11-15,2024-11-27,12,128.0,4,False,10x2,True,PENDING,2026-09-22T10:47:55.175130+00:00,4,20260922T104548Z
delhi_ncr_sbas_d136_v1_val_20241115_20241209,ecabb83b-a789-4df3-874e-b4e30852dfa1,d136_20241115_20241209,2024-11-15,2024-12-09,24,11.0,4,False,10x2,True,PENDING,2026-09-22T10:47:55.892311+00:00,4,20260922T104548Z
delhi_ncr_sbas_d136_v1_val_20241115_20241221,a4638752-5dd5-4436-a285-428ccbbabe92,d136_20241115_20241221,2024-11-15,2024-12-21,36,55.0,4,False,10x2,True,PENDING,2026-09-22T10:47:56.608872+00:00,4,20260922T104548Z
delhi_ncr_sbas_d136_v1_val_20241127_20241209,3b6fff0c-07bf-4c47-890c-bb315c1de34d,d136_20241127_20241209,2024-11-27,2024-12-09,12,117.0,4,False,10x2,True,PENDING,2026-09-22T10:47:57.266384+00:00,4,20260922T104548Z
delhi_ncr_sbas_d136_v1_val_20241127_20241221,26b2eaf9-8daa-4289-a29a-af22c55c7985,d136_20241127_20241221,2024-11-27,2024-12-21,24,74.0,4,False,10x2,True,PENDING,2026-09-22T10:47:58.145439+00:00,4,20260922T104548Z
delhi_ncr_sbas_d136_v1_val_20241127_20250102,d59df8ba-c297-4fd7-a7c1-725091f9b04e,d136_20241127_20250102,2024-11-27,2025-01-02,36,172.0,4,False,10x2,True,PENDING,2026-09-22T10:47:58.861894+00:00,4,20260922T104548Z
delhi_ncr_sbas_d136_v1_val_20241209_20241221,db1d586c-68d3-4fa8-a118-316e7e4033ab,d136_20241209_20241221,2024-12-09,2024-12-21,12,44.0,4,False,10x2,True,PENDING,2026-09-22T10:47:59.579201+00:00,4,20260922T104548Z
delhi_ncr_sbas_d136_v1_val_20241209_20250102,8d1c3ff3-e0ac-4347-870c-ee0843d6d85e,d136_20241209_20250102,2024-12-09,2025-01-02,24,63.0,4,False,10x2,True,PENDING,2026-09-22T10:48:00.602673+00:00,4,20260922T104548Z
delhi_ncr_sbas_d136_v1_val_20241209_20250114,0f2f4205-6d31-43e3-a25a-c3bcf580f586,d136_20241209_20250114,2024-12-09,2025-01-14,36,18.0,4,False,10x2,True,PENDING,2026-09-22T10:48:01.264176+00:00,4,20260922T104548Z
delhi_ncr_sbas_d136_v1_val_20241221_20250102,a76cb312-f1c1-472e-9c32-cb5db51cbda5,d136_20241221_20250102,2024-12-21,2025-01-02,12,99.0,4,False,10x2,True,PENDING,2026-09-22T10:48:02.240788+00:00,4,20260922T104548Z
delhi_ncr_sbas_d136_v1_val_20241221_20250114,480e3363-7a09-4616-bb0f-692bfd8e5362,d136_20241221_20250114,2024-12-21,2025-01-14,24,54.0,4,False,10x2,True,PENDING,2026-09-22T10:48:02.958787+00:00,4,20260922T104548Z
delhi_ncr_sbas_d136_v1_val_20241221_20250126,d447a35c-3b72-429c-a040-9ed9fae26911,d136_20241221_20250126,2024-12-21,2025-01-26,36,31.0,4,False,10x2,True,PENDING,2026-09-22T10:48:03.981344+00:00,4,20260922T104548Z
delhi_ncr_sbas_d136_v1_val_20250102_20250114,2ce86478-e5e1-4479-8791-08d0307c1df6,d136_20250102_20250114,2025-01-02,2025-01-14,12,46.0,4,False,10x2,True,PENDING,2026-09-22T10:48:04.699400+00:00,4,20260922T104548Z
delhi_ncr_sbas_d136_v1_val_20250102_20250126,0a2a0327-51f4-4dc2-9a10-a10a8b1c6f1b,d136_20250102_20250126,2025-01-02,2025-01-26,24,77.0,4,False,10x2,True,PENDING,2026-09-22T10:48:05.518168+00:00,4,20260922T104548Z
delhi_ncr_sbas_d136_v1_val_20250102_20250207,5c95fc88-82dd-420d-b546-12837a1f4956,d136_20250102_20250207,2025-01-02,2025-02-07,36,85.0,4,False,10x2,True,PENDING,2026-09-22T10:48:06.542156+00:00,4,20260922T104548Z
delhi_ncr_sbas_d136_v1_val_20250114_20250126,ccda28e3-8169-451a-8c71-d7fc0dbd1078,d136_20250114_20250126,2025-01-14,2025-01-26,12,32.0,4,False,10x2,True,PENDING,2026-09-22T10:48:07.668570+00:00,4,20260922T104548Z
delhi_ncr_sbas_d136_v1_val_20250114_20250207,3456c964-11d2-413b-944c-2b88b0aa9f2c,d136_20250114_20250207,2025-01-14,2025-02-07,24,40.0,4,False,10x2,True,PENDING,2026-09-22T10:48:10.842635+00:00,5,20260922T104548Z
delhi_ncr_sbas_d136_v1_val_20250114_20250219,07873795-4c26-4db4-b688-ee16982199b4,d136_20250114_20250219,2025-01-14,2025-02-19,36,225.0,4,False,10x2,True,PENDING,2026-09-22T10:48:11.956795+00:00,5,20260922T104548Z
delhi_ncr_sbas_d136_v1_val_20250126_20250207,59cecd19-18bc-4202-800f-f65e49d90012,d136_20250126_20250207,2025-01-26,2025-02-07,12,12.0,4,False,10x2,True,PENDING,2026-09-22T10:48:12.686367+00:00,5,20260922T104548Z
delhi_ncr_sbas_d136_v1_val_20250126_20250219,6841ba5a-89f9-47f3-856f-42e23b2932cd,d136_20250126_20250219,2025-01-26,2025-02-19,24,202.0,4,False,10x2,True,PENDING,2026-09-22T10:48:13.339306+00:00,5,20260922T104548Z
delhi_ncr_sbas_d136_v1_val_20250126_20250303,af824f78-023a-4540-a2f4-12487da22981,d136_20250126_20250303,2025-01-26,2025-03-03,36,59.0,4,False,10x2,True,PENDING,2026-09-22T10:48:14.119663+00:00,5,20260922T104548Z
delhi_ncr_sbas_d136_v1_val_20250207_20250219,12337a43-6015-44d6-88fd-fdfae6726c5b,d136_20250207_20250219,2025-02-07,2025-02-19,12,190.0,4,False,10x2,True,PENDING,2026-09-22T10:48:14.783108+00:00,5,20260922T104548Z
delhi_ncr_sbas_d136_v1_val_20250207_20250303,15db38f2-7b78-4996-9c6a-0494e9934e3b,d136_20250207_20250303,2025-02-07,2025-03-03,24,51.0,4,False,10x2,True,PENDING,2026-09-22T10:48:15.427878+00:00,5,20260922T104548Z
delhi_ncr_sbas_d136_v1_val_20250207_20250315,f05e7981-da80-4d90-b660-10ed98749a8b,d136_20250207_20250315,2025-02-07,2025-03-15,36,21.0,4,False,10x2,True,PENDING,2026-09-22T10:48:16.281109+00:00,5,20260922T104548Z
delhi_ncr_sbas_d136_v1_val_20250219_20250303,3da6f4de-b389-4da9-92ac-50e950996bff,d136_20250219_20250303,2025-02-19,2025-03-03,12,143.0,4,False,10x2,True,PENDING,2026-09-22T10:48:16.987863+00:00,5,20260922T104548Z
delhi_ncr_sbas_d136_v1_val_20250219_20250315,38086994-d8f9-42f9-9987-d36706b5c638,d136_20250219_20250315,2025-02-19,2025-03-15,24,173.0,4,False,10x2,True,PENDING,2026-09-22T10:48:17.806692+00:00,5,20260922T104548Z
delhi_ncr_sbas_d136_v1_val_20250219_20250327,53daad93-9f83-4f99-9e8c-9383ffa2de0a,d136_20250219_20250327,2025-02-19,2025-03-27,36,97.0,4,False,10x2,True,PENDING,2026-09-22T10:48:18.625407+00:00,5,20260922T104548Z
delhi_ncr_sbas_d136_v1_val_20250303_20250315,b82e40f2-5df6-4082-945d-6b30ae06e26d,d136_20250303_20250315,2025-03-03,2025-03-15,12,30.0,4,False,10x2,True,PENDING,2026-09-22T10:48:19.278390+00:00,5,20260922T104548Z
delhi_ncr_sbas_d136_v1_val_20250303_20250327,40283b33-8953-4151-92da-ef5c95278b5d,d136_20250303_20250327,2025-03-03,2025-03-27,24,46.0,4,False,10x2,True,PENDING,2026-09-22T10:48:20.262028+00:00,5,20260922T104548Z
delhi_ncr_sbas_d136_v1_val_20250303_20250408,1f2a40f1-6350-45a2-800e-e87529714fa0,d136_20250303_20250408,2025-03-03,2025-04-08,36,24.0,4,False,10x2,True,PENDING,2026-09-22T10:48:21.190164+00:00,5,20260922T104548Z
delhi_ncr_sbas_d136_v1_val_20250315_20250327,9a03cc43-2727-447a-a5d4-ac84c8e2a43e,d136_20250315_20250327,2025-03-15,2025-03-27,12,76.0,4,False,10x2,True,PENDING,2026-09-22T10:48:22.133876+00:00,5,20260922T104548Z
delhi_ncr_sbas_d136_v1_val_20250315_20250408,bff402a5-8c8b-44fa-bc1a-d51b03079aae,d136_20250315_20250408,2025-03-15,2025-04-08,24,16.0,4,False,10x2,True,PENDING,2026-09-22T10:48:23.088604+00:00,5,20260922T104548Z
delhi_ncr_sbas_d136_v1_val_20250315_20250420,5d9644fc-c7dd-431a-928d-c4c71382e40f,d136_20250315_20250420,2025-03-15,2025-04-20,36,21.0,4,False,10x2,True,PENDING,2026-09-22T10:48:23.734634+00:00,5,20260922T104548Z
delhi_ncr_sbas_d136_v1_val_20250327_20250408,29b21eb2-ecf4-41c7-8a2f-91b4c16ff725,d136_20250327_20250408,2025-03-27,2025-04-08,12,70.0,4,False,10x2,True,PENDING,2026-09-22T10:48:24.668640+00:00,5,20260922T104548Z
delhi_ncr_sbas_d136_v1_val_20250327_20250420,6fd88f27-483d-43c3-a441-d7fe9590d8fc,d136_20250327_20250420,2025-03-27,2025-04-20,24,63.0,4,False,10x2,True,PENDING,2026-09-22T10:48:25.643521+00:00,5,20260922T104548Z
delhi_ncr_sbas_d136_v1_val_20250327_20250502,cc586620-f7da-4997-a81b-405405bf2ee3,d136_20250327_20250502,2025-03-27,2025-05-02,36,137.0,4,False,10x2,True,PENDING,2026-09-22T10:48:26.578023+00:00,5,20260922T104548Z
delhi_ncr_sbas_d136_v1_val_20250408_20250420,bbcfd9d8-d244-4fa6-8896-4394d13366ea,d136_20250408_20250420,2025-04-08,2025-04-20,12,11.0,4,False,10x2,True,PENDING,2026-09-22T10:48:27.527601+00:00,5,20260922T104548Z
delhi_ncr_sbas_d136_v1_val_20250408_20250502,8fcf03fc-5bc2-4732-91af-6c4466d55f71,d136_20250408_20250502,2025-04-08,2025-05-02,24,69.0,4,False,10x2,True,PENDING,2026-09-22T10:48:28.453666+00:00,5,20260922T104548Z
delhi_ncr_sbas_d136_v1_val_20250408_20250514,ff8429e3-b795-4122-b99f-9b7d59325523,d136_20250408_20250514,2025-04-08,2025-05-14,36,179.0,4,False,10x2,True,PENDING,2026-09-22T10:48:29.263577+00:00,5,20260922T104548Z
delhi_ncr_sbas_d136_v1_val_20250420_20250502,d89e1f83-029e-4894-a720-91c9bcfec4f2,d136_20250420_20250502,2025-04-20,2025-05-02,12,74.0,4,False,10x2,True,PENDING,2026-09-22T10:48:30.267105+00:00,5,20260922T104548Z
delhi_ncr_sbas_d136_v1_val_20250420_20250514,ea8f8718-3af6-4874-9a7d-77e8a26cd534,d136_20250420_20250514,2025-04-20,2025-05-14,24,184.0,4,False,10x2,True,PENDING,2026-09-22T10:48:31.268572+00:00,5,20260922T104548Z
delhi_ncr_sbas_d136_v1_val_20250420_20250526,93a1b33b-fe1c-47e4-9821-41ecdd2b2d17,d136_20250420_20250526,2025-04-20,2025-05-26,36,223.0,4,False,10x2,True,PENDING,2026-09-22T10:48:32.015778+00:00,5,20260922T104548Z
delhi_ncr_sbas_d136_v1_val_20250502_20250514,a1765c7a-f687-4984-a352-63ab0c03c005,d136_20250502_20250514,2025-05-02,2025-05-14,12,110.0,4,False,10x2,True,PENDING,2026-09-22T10:48:32.648783+00:00,5,20260922T104548Z
delhi_ncr_sbas_d136_v1_val_20250502_20250526,63a1ab6e-0245-422b-b456-8c98b5b63743,d136_20250502_20250526,2025-05-02,2025-05-26,24,149.0,4,False,10x2,True,PENDING,2026-09-22T10:48:33.287284+00:00,5,20260922T104548Z
delhi_ncr_sbas_d136_v1_val_20250502_20250607,7cc05703-7afc-49f5-8215-cb9f2ba5c14d,d136_20250502_20250607,2025-05-02,2025-06-07,36,87.0,4,False,10x2,True,PENDING,2026-09-22T10:48:34.272202+00:00,5,20260922T104548Z
delhi_ncr_sbas_d136_v1_val_20250514_20250526,d9f80cad-77ab-492d-ae89-f3b8c0bb7862,d136_20250514_20250526,2025-05-14,2025-05-26,12,39.0,4,False,10x2,True,PENDING,2026-09-22T10:48:35.059441+00:00,5,20260922T104548Z
delhi_ncr_sbas_d136_v1_val_20250514_20250607,a76daae0-9195-43b7-8925-b9bcfbbd4b4f,d136_20250514_20250607,2025-05-14,2025-06-07,24,31.0,4,False,10x2,True,PENDING,2026-09-22T10:48:35.726821+00:00,5,20260922T104548Z
delhi_ncr_sbas_d136_v1_val_20250514_20250619,3981e8fb-f984-4fad-b6b9-77775c7577d4,d136_20250514_20250619,2025-05-14,2025-06-19,36,78.0,4,False,10x2,True,PENDING,2026-09-22T10:48:36.368991+00:00,5,20260922T104548Z
delhi_ncr_sbas_d136_v1_val_20250526_20250607,2c4352cf-5ae7-41d3-88ca-d2efd5243bff,d136_20250526_20250607,2025-05-26,2025-06-07,12,67.0,4,False,10x2,True,PENDING,2026-09-22T10:48:37.062778+00:00,5,20260922T104548Z
delhi_ncr_sbas_d136_v1_val_20250526_20250619,0925db35-2959-4136-bc84-94b62cf4e0ba,d136_20250526_20250619,2025-05-26,2025-06-19,24,117.0,4,False,10x2,True,PENDING,2026-09-22T10:48:37.773810+00:00,5,20260922T104548Z
delhi_ncr_sbas_d136_v1_val_20250526_20250701,4b763329-a411-48ed-861d-21fe2c6ae5ff,d136_20250526_20250701,2025-05-26,2025-07-01,36,82.0,4,False,10x2,True,PENDING,2026-09-22T10:48:38.435989+00:00,5,20260922T104548Z
delhi_ncr_sbas_d136_v1_val_20250607_20250619,68795ac0-ebfc-4632-9863-f6727b712e76,d136_20250607_20250619,2025-06-07,2025-06-19,12,55.0,4,False,10x2,True,PENDING,2026-09-22T10:48:39.208333+00:00,5,20260922T104548Z
delhi_ncr_sbas_d136_v1_val_20250607_20250701,8fbe273b-02fe-4041-b445-767bc7e546e8,d136_20250607_20250701,2025-06-07,2025-07-01,24,16.0,4,False,10x2,True,PENDING,2026-09-22T10:48:39.925230+00:00,5,20260922T104548Z
delhi_ncr_sbas_d136_v1_val_20250607_20250713,a9ab8f55-e43c-412f-b532-aabce13c061c,d136_20250607_20250713,2025-06-07,2025-07-13,36,27.0,4,False,10x2,True,PENDING,2026-09-22T10:48:40.640782+00:00,5,20260922T104548Z
delhi_ncr_sbas_d136_v1_val_20250619_20250701,9bb5d772-22ea-4a6e-8b7f-2e429912c2c2,d136_20250619_20250701,2025-06-19,2025-07-01,12,39.0,4,False,10x2,True,PENDING,2026-09-22T10:48:41.273718+00:00,5,20260922T104548Z
delhi_ncr_sbas_d136_v1_val_20250619_20250713,ab0bed78-8d0f-42a1-bb4b-b506352bab51,d136_20250619_20250713,2025-06-19,2025-07-13,24,74.0,4,False,10x2,True,PENDING,2026-09-22T10:48:42.074938+00:00,5,20260922T104548Z
delhi_ncr_sbas_d136_v1_val_20250619_20250725,30edb6cf-1c12-42e2-aef5-15160f84cfad,d136_20250619_20250725,2025-06-19,2025-07-25,36,6.0,4,False,10x2,True,PENDING,2026-09-22T10:48:45.145717+00:00,6,20260922T104548Z
delhi_ncr_sbas_d136_v1_val_20250701_20250713,c81d274b-6205-4c37-8239-26ddfad5eb8f,d136_20250701_20250713,2025-07-01,2025-07-13,12,42.0,4,False,10x2,True,PENDING,2026-09-22T10:48:45.864468+00:00,6,20260922T104548Z
delhi_ncr_sbas_d136_v1_val_20250701_20250725,0a02c78d-8175-4aa1-8dff-3959801d0a1c,d136_20250701_20250725,2025-07-01,2025-07-25,24,37.0,4,False,10x2,True,PENDING,2026-09-22T10:48:46.579614+00:00,6,20260922T104548Z
delhi_ncr_sbas_d136_v1_val_20250701_20250806,74406523-8603-49a4-99f5-34f55da4d2ba,d136_20250701_20250806,2025-07-01,2025-08-06,36,60.0,4,False,10x2,True,PENDING,2026-09-22T10:48:47.222831+00:00,6,20260922T104548Z
delhi_ncr_sbas_d136_v1_val_20250713_20250725,78f0df1d-8914-4818-bf0e-ce9fbc2577c6,d136_20250713_20250725,2025-07-13,2025-07-25,12,75.0,4,False,10x2,True,PENDING,2026-09-22T10:48:47.911980+00:00,6,20260922T104548Z
delhi_ncr_sbas_d136_v1_val_20250713_20250806,7a17cfc7-dfee-45e6-ab9b-efa8d50fc3b3,d136_20250713_20250806,2025-07-13,2025-08-06,24,98.0,4,False,10x2,True,PENDING,2026-09-22T10:48:48.729841+00:00,6,20260922T104548Z
delhi_ncr_sbas_d136_v1_val_20250713_20250818,d946bb99-239a-4e68-b870-c8d019cf7f23,d136_20250713_20250818,2025-07-13,2025-08-18,36,164.0,4,False,10x2,True,PENDING,2026-09-22T10:48:49.755305+00:00,6,20260922T104548Z
delhi_ncr_sbas_d136_v1_val_20250725_20250806,c1f3d8c5-ddc9-413f-bf8f-0497dfa750b2,d136_20250725_20250806,2025-07-25,2025-08-06,12,23.0,4,False,10x2,True,PENDING,2026-09-22T10:48:50.471969+00:00,6,20260922T104548Z
delhi_ncr_sbas_d136_v1_val_20250725_20250818,c3016127-0530-4ba6-8d5d-1f5eb51b141b,d136_20250725_20250818,2025-07-25,2025-08-18,24,89.0,4,False,10x2,True,PENDING,2026-09-22T10:48:51.188442+00:00,6,20260922T104548Z
delhi_ncr_sbas_d136_v1_val_20250725_20250830,d2b2acf0-a459-480c-b19f-7206367744cb,d136_20250725_20250830,2025-07-25,2025-08-30,36,155.0,4,False,10x2,True,PENDING,2026-09-22T10:48:52.007136+00:00,6,20260922T104548Z
delhi_ncr_sbas_d136_v1_val_20250806_20250818,51e9f87a-ee41-4621-9a47-6f15f8199b33,d136_20250806_20250818,2025-08-06,2025-08-18,12,66.0,4,False,10x2,True,PENDING,2026-09-22T10:48:52.724526+00:00,6,20260922T104548Z
delhi_ncr_sbas_d136_v1_val_20250806_20250830,eb0e1649-4818-4580-a3d3-11e048b72c63,d136_20250806_20250830,2025-08-06,2025-08-30,24,132.0,4,False,10x2,True,PENDING,2026-09-22T10:48:53.442410+00:00,6,20260922T104548Z
delhi_ncr_sbas_d136_v1_val_20250806_20250911,38d1b118-518b-409d-9f74-089c51486032,d136_20250806_20250911,2025-08-06,2025-09-11,36,24.0,4,False,10x2,True,PENDING,2026-09-22T10:48:54.158058+00:00,6,20260922T104548Z
delhi_ncr_sbas_d136_v1_val_20250818_20250830,311d832e-c5b6-4a82-a544-a050bf3660ba,d136_20250818_20250830,2025-08-18,2025-08-30,12,67.0,4,False,10x2,True,PENDING,2026-09-22T10:48:54.876235+00:00,6,20260922T104548Z
delhi_ncr_sbas_d136_v1_val_20250818_20250911,e8a2cd1c-8c23-4e9d-bef8-e40b76498bfe,d136_20250818_20250911,2025-08-18,2025-09-11,24,46.0,4,False,10x2,True,PENDING,2026-09-22T10:48:55.591673+00:00,6,20260922T104548Z
delhi_ncr_sbas_d136_v1_val_20250818_20250923,3fe6b198-84a6-4439-9375-210cdfa5fe34,d136_20250818_20250923,2025-08-18,2025-09-23,36,54.0,4,False,10x2,True,PENDING,2026-09-22T10:48:56.263444+00:00,6,20260922T104548Z
delhi_ncr_sbas_d136_v1_val_20250830_20250911,77660469-6751-4853-9aa7-ba66dd4e01ba,d136_20250830_20250911,2025-08-30,2025-09-11,12,112.0,4,False,10x2,True,PENDING,2026-09-22T10:48:57.026203+00:00,6,20260922T104548Z
delhi_ncr_sbas_d136_v1_val_20250830_20250923,dfd86201-011b-4719-af3d-02362961517a,d136_20250830_20250923,2025-08-30,2025-09-23,24,23.0,4,False,10x2,True,PENDING,2026-09-22T10:48:57.843753+00:00,6,20260922T104548Z
delhi_ncr_sbas_d136_v1_val_20250911_20250923,4b0cf9ad-55b7-4e0b-bfe3-d005ad9a76b0,d136_20250911_20250923,2025-09-11,2025-09-23,12,95.0,4,False,10x2,True,PENDING,2026-09-22T10:48:58.510393+00:00,6,20260922T104548Z
